[2025-07-03 14:21:38.271] [info] Application is starting
[2025-07-03 14:21:38.332] [info] [WindowsWindow] Creating window: KnightEngine (1240x720)
[2025-07-03 14:21:38.544] [info] [WindowsWindow] VSync is now enabled
[2025-07-03 14:21:38.545] [critical] [SDL Error] [SDL_CreateWindow] -> No OpenGL context has been made current
[2025-07-03 14:21:38.579] [warning] [WindowsWindow] OpenGL context created successfully for window: KnightEngine
[2025-07-03 14:21:38.580] [info] [WindowsWindow] OpenGL Info:
[2025-07-03 14:21:38.580] [info] [WindowsWindow]   Vendor:   Intel
[2025-07-03 14:21:38.580] [info] [WindowsWindow]   Renderer: Intel(R) UHD Graphics 770
[2025-07-03 14:21:38.581] [info] [WindowsWindow]   Version:  4.5.0 - Build 32.0.101.6556
[2025-07-03 14:21:38.581] [info] [WindowsWindow] Window created: KnightEngine (1240x720)
[2025-07-03 14:21:38.581] [info] [Layer] Layer created: ImguiLayer
[2025-07-03 14:21:38.581] [info] [ImguiLayer] Attaching Imgui Layer
[2025-07-03 14:21:38.582] [info] [ImguiLayer] ImGui Layer attached successfully
[2025-07-03 14:21:38.582] [debug] [GraphicsFactory] Creating GraphicsAPI instance
[2025-07-03 14:21:38.582] [debug] [GraphicsFactory] Creating GraphicsAPI instance
[2025-07-03 14:21:38.583] [debug] [OpenGLGraphicsAPI] OpenGL initialized successfully
[2025-07-03 14:21:38.583] [info] [Renderer] Renderer initialized successfully
[2025-07-03 14:21:38.586] [debug] [GraphicsFactory] Creating GraphicsAPI instance
[2025-07-03 14:21:38.587] [debug] [OpenGLGraphicsAPI] OpenGL initialized successfully
[2025-07-03 14:21:38.587] [info] [Renderer] Renderer initialized successfully
[2025-07-03 14:21:38.587] [debug] [GraphicsFactory] Creating GraphicsAPI instance
[2025-07-03 14:21:38.588] [debug] [OpenGLGraphicsAPI] OpenGL initialized successfully
[2025-07-03 14:21:38.588] [info] [RenderCommand] RenderCommand initialized successfully
[2025-07-03 14:21:38.588] [info] Running Application
[2025-07-03 14:21:38.636] [info] [WindowsWindow] Mouse moved to (347, 91) in window KnightEngine
[2025-07-03 14:21:38.637] [info] [ApplicationEvent] Event received: MouseMovedEvent: (347.000000, 91.000000)
[2025-07-03 14:21:38.638] [debug] [ImguiLayer] Mouse Moved: (347, 91)
[2025-07-03 14:21:38.638] [info] [WindowsWindow] Mouse moved to (345, 105) in window KnightEngine
[2025-07-03 14:21:38.639] [info] [ApplicationEvent] Event received: MouseMovedEvent: (345.000000, 105.000000)
[2025-07-03 14:21:38.639] [debug] [ImguiLayer] Mouse Moved: (345, 105)
[2025-07-03 14:21:38.640] [info] [WindowsWindow] Mouse moved to (344, 108) in window KnightEngine
[2025-07-03 14:21:38.640] [info] [ApplicationEvent] Event received: MouseMovedEvent: (344.000000, 108.000000)
[2025-07-03 14:21:38.640] [debug] [ImguiLayer] Mouse Moved: (344, 108)
[2025-07-03 14:21:38.641] [info] [WindowsWindow] Mouse moved to (341, 127) in window KnightEngine
[2025-07-03 14:21:38.641] [info] [ApplicationEvent] Event received: MouseMovedEvent: (341.000000, 127.000000)
[2025-07-03 14:21:38.642] [debug] [ImguiLayer] Mouse Moved: (341, 127)
[2025-07-03 14:21:38.643] [info] [WindowsWindow] Mouse moved to (337, 146) in window KnightEngine
[2025-07-03 14:21:38.643] [info] [ApplicationEvent] Event received: MouseMovedEvent: (337.000000, 146.000000)
[2025-07-03 14:21:38.643] [debug] [ImguiLayer] Mouse Moved: (337, 146)
[2025-07-03 14:21:38.656] [info] [WindowsWindow] Mouse moved to (330, 175) in window KnightEngine
[2025-07-03 14:21:38.657] [info] [ApplicationEvent] Event received: MouseMovedEvent: (330.000000, 175.000000)
[2025-07-03 14:21:38.657] [debug] [ImguiLayer] Mouse Moved: (330, 175)
[2025-07-03 14:21:38.658] [info] [WindowsWindow] Mouse moved to (329, 181) in window KnightEngine
[2025-07-03 14:21:38.658] [info] [ApplicationEvent] Event received: MouseMovedEvent: (329.000000, 181.000000)
[2025-07-03 14:21:38.658] [debug] [ImguiLayer] Mouse Moved: (329, 181)
[2025-07-03 14:21:38.659] [info] [WindowsWindow] Mouse moved to (328, 182) in window KnightEngine
[2025-07-03 14:21:38.659] [info] [ApplicationEvent] Event received: MouseMovedEvent: (328.000000, 182.000000)
[2025-07-03 14:21:38.659] [debug] [ImguiLayer] Mouse Moved: (328, 182)
[2025-07-03 14:21:38.659] [info] [WindowsWindow] Mouse moved to (328, 184) in window KnightEngine
[2025-07-03 14:21:38.660] [info] [ApplicationEvent] Event received: MouseMovedEvent: (328.000000, 184.000000)
[2025-07-03 14:21:38.660] [debug] [ImguiLayer] Mouse Moved: (328, 184)
[2025-07-03 14:21:38.660] [info] [WindowsWindow] Mouse moved to (327, 186) in window KnightEngine
[2025-07-03 14:21:38.660] [info] [ApplicationEvent] Event received: MouseMovedEvent: (327.000000, 186.000000)
[2025-07-03 14:21:38.661] [debug] [ImguiLayer] Mouse Moved: (327, 186)
[2025-07-03 14:21:38.672] [info] [WindowsWindow] Mouse moved to (324, 197) in window KnightEngine
[2025-07-03 14:21:38.672] [info] [ApplicationEvent] Event received: MouseMovedEvent: (324.000000, 197.000000)
[2025-07-03 14:21:38.673] [debug] [ImguiLayer] Mouse Moved: (324, 197)
[2025-07-03 14:21:38.673] [info] [WindowsWindow] Mouse moved to (323, 198) in window KnightEngine
[2025-07-03 14:21:38.673] [info] [ApplicationEvent] Event received: MouseMovedEvent: (323.000000, 198.000000)
[2025-07-03 14:21:38.673] [debug] [ImguiLayer] Mouse Moved: (323, 198)
[2025-07-03 14:21:38.674] [info] [WindowsWindow] Mouse moved to (323, 200) in window KnightEngine
[2025-07-03 14:21:38.674] [info] [ApplicationEvent] Event received: MouseMovedEvent: (323.000000, 200.000000)
[2025-07-03 14:21:38.675] [debug] [ImguiLayer] Mouse Moved: (323, 200)
[2025-07-03 14:21:38.675] [info] [WindowsWindow] Mouse moved to (322, 201) in window KnightEngine
[2025-07-03 14:21:38.675] [info] [ApplicationEvent] Event received: MouseMovedEvent: (322.000000, 201.000000)
[2025-07-03 14:21:38.676] [debug] [ImguiLayer] Mouse Moved: (322, 201)
[2025-07-03 14:21:38.676] [info] [WindowsWindow] Mouse moved to (321, 203) in window KnightEngine
[2025-07-03 14:21:38.676] [info] [ApplicationEvent] Event received: MouseMovedEvent: (321.000000, 203.000000)
[2025-07-03 14:21:38.676] [debug] [ImguiLayer] Mouse Moved: (321, 203)
[2025-07-03 14:21:38.677] [info] [WindowsWindow] Mouse moved to (320, 204) in window KnightEngine
[2025-07-03 14:21:38.677] [info] [ApplicationEvent] Event received: MouseMovedEvent: (320.000000, 204.000000)
[2025-07-03 14:21:38.677] [debug] [ImguiLayer] Mouse Moved: (320, 204)
[2025-07-03 14:21:38.677] [info] [WindowsWindow] Mouse moved to (320, 206) in window KnightEngine
[2025-07-03 14:21:38.678] [info] [ApplicationEvent] Event received: MouseMovedEvent: (320.000000, 206.000000)
[2025-07-03 14:21:38.678] [debug] [ImguiLayer] Mouse Moved: (320, 206)
[2025-07-03 14:21:38.678] [info] [WindowsWindow] Mouse moved to (319, 208) in window KnightEngine
[2025-07-03 14:21:38.678] [info] [ApplicationEvent] Event received: MouseMovedEvent: (319.000000, 208.000000)
[2025-07-03 14:21:38.679] [debug] [ImguiLayer] Mouse Moved: (319, 208)
[2025-07-03 14:21:38.684] [info] [WindowsWindow] Mouse moved to (315, 216) in window KnightEngine
[2025-07-03 14:21:38.685] [info] [ApplicationEvent] Event received: MouseMovedEvent: (315.000000, 216.000000)
[2025-07-03 14:21:38.685] [debug] [ImguiLayer] Mouse Moved: (315, 216)
[2025-07-03 14:21:38.685] [info] [WindowsWindow] Mouse moved to (315, 217) in window KnightEngine
[2025-07-03 14:21:38.685] [info] [ApplicationEvent] Event received: MouseMovedEvent: (315.000000, 217.000000)
[2025-07-03 14:21:38.686] [debug] [ImguiLayer] Mouse Moved: (315, 217)
[2025-07-03 14:21:38.686] [info] [WindowsWindow] Mouse moved to (314, 218) in window KnightEngine
[2025-07-03 14:21:38.686] [info] [ApplicationEvent] Event received: MouseMovedEvent: (314.000000, 218.000000)
[2025-07-03 14:21:38.687] [debug] [ImguiLayer] Mouse Moved: (314, 218)
[2025-07-03 14:21:38.687] [info] [WindowsWindow] Mouse moved to (314, 219) in window KnightEngine
[2025-07-03 14:21:38.688] [info] [ApplicationEvent] Event received: MouseMovedEvent: (314.000000, 219.000000)
[2025-07-03 14:21:38.688] [debug] [ImguiLayer] Mouse Moved: (314, 219)
[2025-07-03 14:21:38.699] [info] [WindowsWindow] Mouse moved to (313, 222) in window KnightEngine
[2025-07-03 14:21:38.699] [info] [ApplicationEvent] Event received: MouseMovedEvent: (313.000000, 222.000000)
[2025-07-03 14:21:38.699] [debug] [ImguiLayer] Mouse Moved: (313, 222)
[2025-07-03 14:21:38.700] [info] [WindowsWindow] Mouse moved to (312, 222) in window KnightEngine
[2025-07-03 14:21:38.700] [info] [ApplicationEvent] Event received: MouseMovedEvent: (312.000000, 222.000000)
[2025-07-03 14:21:38.701] [debug] [ImguiLayer] Mouse Moved: (312, 222)
[2025-07-03 14:21:38.701] [info] [WindowsWindow] Mouse moved to (311, 223) in window KnightEngine
[2025-07-03 14:21:38.701] [info] [ApplicationEvent] Event received: MouseMovedEvent: (311.000000, 223.000000)
[2025-07-03 14:21:38.702] [debug] [ImguiLayer] Mouse Moved: (311, 223)
[2025-07-03 14:21:38.703] [info] [WindowsWindow] Mouse moved to (311, 224) in window KnightEngine
[2025-07-03 14:21:38.704] [info] [ApplicationEvent] Event received: MouseMovedEvent: (311.000000, 224.000000)
[2025-07-03 14:21:38.705] [debug] [ImguiLayer] Mouse Moved: (311, 224)
[2025-07-03 14:21:38.705] [info] [WindowsWindow] Mouse moved to (310, 224) in window KnightEngine
[2025-07-03 14:21:38.706] [info] [ApplicationEvent] Event received: MouseMovedEvent: (310.000000, 224.000000)
[2025-07-03 14:21:38.707] [debug] [ImguiLayer] Mouse Moved: (310, 224)
[2025-07-03 14:21:38.712] [info] [WindowsWindow] Mouse moved to (308, 225) in window KnightEngine
[2025-07-03 14:21:38.713] [info] [ApplicationEvent] Event received: MouseMovedEvent: (308.000000, 225.000000)
[2025-07-03 14:21:38.713] [debug] [ImguiLayer] Mouse Moved: (308, 225)
[2025-07-03 14:21:38.713] [info] [WindowsWindow] Mouse moved to (307, 225) in window KnightEngine
[2025-07-03 14:21:38.713] [info] [ApplicationEvent] Event received: MouseMovedEvent: (307.000000, 225.000000)
[2025-07-03 14:21:38.713] [debug] [ImguiLayer] Mouse Moved: (307, 225)
[2025-07-03 14:21:38.720] [info] [WindowsWindow] Mouse moved to (307, 226) in window KnightEngine
[2025-07-03 14:21:38.721] [info] [ApplicationEvent] Event received: MouseMovedEvent: (307.000000, 226.000000)
[2025-07-03 14:21:38.722] [debug] [ImguiLayer] Mouse Moved: (307, 226)
[2025-07-03 14:21:38.722] [info] [WindowsWindow] Mouse moved to (306, 226) in window KnightEngine
[2025-07-03 14:21:38.722] [info] [ApplicationEvent] Event received: MouseMovedEvent: (306.000000, 226.000000)
[2025-07-03 14:21:38.722] [debug] [ImguiLayer] Mouse Moved: (306, 226)
[2025-07-03 14:21:38.732] [info] [WindowsWindow] Mouse moved to (304, 226) in window KnightEngine
[2025-07-03 14:21:38.733] [info] [ApplicationEvent] Event received: MouseMovedEvent: (304.000000, 226.000000)
[2025-07-03 14:21:38.733] [debug] [ImguiLayer] Mouse Moved: (304, 226)
[2025-07-03 14:21:38.734] [info] [WindowsWindow] Mouse moved to (304, 227) in window KnightEngine
[2025-07-03 14:21:38.734] [info] [ApplicationEvent] Event received: MouseMovedEvent: (304.000000, 227.000000)
[2025-07-03 14:21:38.734] [debug] [ImguiLayer] Mouse Moved: (304, 227)
[2025-07-03 14:21:38.734] [info] [WindowsWindow] Mouse moved to (303, 227) in window KnightEngine
[2025-07-03 14:21:38.735] [info] [ApplicationEvent] Event received: MouseMovedEvent: (303.000000, 227.000000)
[2025-07-03 14:21:38.735] [debug] [ImguiLayer] Mouse Moved: (303, 227)
[2025-07-03 14:21:38.752] [info] [WindowsWindow] Mouse moved to (302, 227) in window KnightEngine
[2025-07-03 14:21:38.753] [info] [ApplicationEvent] Event received: MouseMovedEvent: (302.000000, 227.000000)
[2025-07-03 14:21:38.754] [debug] [ImguiLayer] Mouse Moved: (302, 227)
[2025-07-03 14:21:38.785] [info] [WindowsWindow] Mouse moved to (301, 227) in window KnightEngine
[2025-07-03 14:21:38.786] [info] [ApplicationEvent] Event received: MouseMovedEvent: (301.000000, 227.000000)
[2025-07-03 14:21:38.787] [debug] [ImguiLayer] Mouse Moved: (301, 227)
[2025-07-03 14:21:38.845] [info] [WindowsWindow] Mouse moved to (300, 227) in window KnightEngine
[2025-07-03 14:21:38.845] [info] [ApplicationEvent] Event received: MouseMovedEvent: (300.000000, 227.000000)
[2025-07-03 14:21:38.846] [debug] [ImguiLayer] Mouse Moved: (300, 227)
[2025-07-03 14:21:38.857] [info] [WindowsWindow] Mouse moved to (299, 227) in window KnightEngine
[2025-07-03 14:21:38.858] [info] [ApplicationEvent] Event received: MouseMovedEvent: (299.000000, 227.000000)
[2025-07-03 14:21:38.858] [debug] [ImguiLayer] Mouse Moved: (299, 227)
[2025-07-03 14:21:38.861] [info] [WindowsWindow] Mouse moved to (298, 227) in window KnightEngine
[2025-07-03 14:21:38.861] [info] [ApplicationEvent] Event received: MouseMovedEvent: (298.000000, 227.000000)
[2025-07-03 14:21:38.862] [debug] [ImguiLayer] Mouse Moved: (298, 227)
[2025-07-03 14:21:38.870] [info] [WindowsWindow] Mouse moved to (297, 227) in window KnightEngine
[2025-07-03 14:21:38.871] [info] [ApplicationEvent] Event received: MouseMovedEvent: (297.000000, 227.000000)
[2025-07-03 14:21:38.871] [debug] [ImguiLayer] Mouse Moved: (297, 227)
[2025-07-03 14:21:38.872] [info] [WindowsWindow] Mouse moved to (296, 226) in window KnightEngine
[2025-07-03 14:21:38.872] [info] [ApplicationEvent] Event received: MouseMovedEvent: (296.000000, 226.000000)
[2025-07-03 14:21:38.872] [debug] [ImguiLayer] Mouse Moved: (296, 226)
[2025-07-03 14:21:38.877] [info] [WindowsWindow] Mouse moved to (295, 225) in window KnightEngine
[2025-07-03 14:21:38.877] [info] [ApplicationEvent] Event received: MouseMovedEvent: (295.000000, 225.000000)
[2025-07-03 14:21:38.877] [debug] [ImguiLayer] Mouse Moved: (295, 225)
[2025-07-03 14:21:38.890] [info] [WindowsWindow] Mouse moved to (293, 224) in window KnightEngine
[2025-07-03 14:21:38.890] [info] [ApplicationEvent] Event received: MouseMovedEvent: (293.000000, 224.000000)
[2025-07-03 14:21:38.891] [debug] [ImguiLayer] Mouse Moved: (293, 224)
[2025-07-03 14:21:38.900] [info] [WindowsWindow] Mouse moved to (292, 223) in window KnightEngine
[2025-07-03 14:21:38.900] [info] [ApplicationEvent] Event received: MouseMovedEvent: (292.000000, 223.000000)
[2025-07-03 14:21:38.901] [debug] [ImguiLayer] Mouse Moved: (292, 223)
[2025-07-03 14:21:38.901] [info] [WindowsWindow] Mouse moved to (291, 223) in window KnightEngine
[2025-07-03 14:21:38.901] [info] [ApplicationEvent] Event received: MouseMovedEvent: (291.000000, 223.000000)
[2025-07-03 14:21:38.901] [debug] [ImguiLayer] Mouse Moved: (291, 223)
[2025-07-03 14:21:38.902] [info] [WindowsWindow] Mouse moved to (291, 222) in window KnightEngine
[2025-07-03 14:21:38.902] [info] [ApplicationEvent] Event received: MouseMovedEvent: (291.000000, 222.000000)
[2025-07-03 14:21:38.902] [debug] [ImguiLayer] Mouse Moved: (291, 222)
[2025-07-03 14:21:38.903] [info] [WindowsWindow] Mouse moved to (290, 222) in window KnightEngine
[2025-07-03 14:21:38.904] [info] [ApplicationEvent] Event received: MouseMovedEvent: (290.000000, 222.000000)
[2025-07-03 14:21:38.904] [debug] [ImguiLayer] Mouse Moved: (290, 222)
[2025-07-03 14:21:38.912] [info] [WindowsWindow] Mouse moved to (289, 221) in window KnightEngine
[2025-07-03 14:21:38.912] [info] [ApplicationEvent] Event received: MouseMovedEvent: (289.000000, 221.000000)
[2025-07-03 14:21:38.912] [debug] [ImguiLayer] Mouse Moved: (289, 221)
[2025-07-03 14:21:38.912] [info] [WindowsWindow] Mouse moved to (288, 221) in window KnightEngine
[2025-07-03 14:21:38.913] [info] [ApplicationEvent] Event received: MouseMovedEvent: (288.000000, 221.000000)
[2025-07-03 14:21:38.913] [debug] [ImguiLayer] Mouse Moved: (288, 221)
[2025-07-03 14:21:38.914] [info] [WindowsWindow] Mouse moved to (287, 220) in window KnightEngine
[2025-07-03 14:21:38.915] [info] [ApplicationEvent] Event received: MouseMovedEvent: (287.000000, 220.000000)
[2025-07-03 14:21:38.915] [debug] [ImguiLayer] Mouse Moved: (287, 220)
[2025-07-03 14:21:38.928] [info] [WindowsWindow] Mouse moved to (285, 219) in window KnightEngine
[2025-07-03 14:21:38.929] [info] [ApplicationEvent] Event received: MouseMovedEvent: (285.000000, 219.000000)
[2025-07-03 14:21:38.929] [debug] [ImguiLayer] Mouse Moved: (285, 219)
[2025-07-03 14:21:38.929] [info] [WindowsWindow] Mouse moved to (284, 218) in window KnightEngine
[2025-07-03 14:21:38.929] [info] [ApplicationEvent] Event received: MouseMovedEvent: (284.000000, 218.000000)
[2025-07-03 14:21:38.930] [debug] [ImguiLayer] Mouse Moved: (284, 218)
[2025-07-03 14:21:38.930] [info] [WindowsWindow] Mouse moved to (284, 217) in window KnightEngine
[2025-07-03 14:21:38.930] [info] [ApplicationEvent] Event received: MouseMovedEvent: (284.000000, 217.000000)
[2025-07-03 14:21:38.930] [debug] [ImguiLayer] Mouse Moved: (284, 217)
[2025-07-03 14:21:38.931] [info] [WindowsWindow] Mouse moved to (283, 217) in window KnightEngine
[2025-07-03 14:21:38.931] [info] [ApplicationEvent] Event received: MouseMovedEvent: (283.000000, 217.000000)
[2025-07-03 14:21:38.931] [debug] [ImguiLayer] Mouse Moved: (283, 217)
[2025-07-03 14:21:38.931] [info] [WindowsWindow] Mouse moved to (281, 217) in window KnightEngine
[2025-07-03 14:21:38.931] [info] [ApplicationEvent] Event received: MouseMovedEvent: (281.000000, 217.000000)
[2025-07-03 14:21:38.932] [debug] [ImguiLayer] Mouse Moved: (281, 217)
[2025-07-03 14:21:38.932] [info] [WindowsWindow] Mouse moved to (280, 216) in window KnightEngine
[2025-07-03 14:21:38.932] [info] [ApplicationEvent] Event received: MouseMovedEvent: (280.000000, 216.000000)
[2025-07-03 14:21:38.932] [debug] [ImguiLayer] Mouse Moved: (280, 216)
[2025-07-03 14:21:38.934] [info] [WindowsWindow] Mouse moved to (278, 213) in window KnightEngine
[2025-07-03 14:21:38.934] [info] [ApplicationEvent] Event received: MouseMovedEvent: (278.000000, 213.000000)
[2025-07-03 14:21:38.935] [debug] [ImguiLayer] Mouse Moved: (278, 213)
[2025-07-03 14:21:38.960] [info] [WindowsWindow] Mouse moved to (275, 211) in window KnightEngine
[2025-07-03 14:21:38.960] [info] [ApplicationEvent] Event received: MouseMovedEvent: (275.000000, 211.000000)
[2025-07-03 14:21:38.961] [debug] [ImguiLayer] Mouse Moved: (275, 211)
[2025-07-03 14:21:38.962] [info] [WindowsWindow] Mouse moved to (274, 211) in window KnightEngine
[2025-07-03 14:21:38.962] [info] [ApplicationEvent] Event received: MouseMovedEvent: (274.000000, 211.000000)
[2025-07-03 14:21:38.963] [debug] [ImguiLayer] Mouse Moved: (274, 211)
[2025-07-03 14:21:38.963] [info] [WindowsWindow] Mouse moved to (272, 208) in window KnightEngine
[2025-07-03 14:21:38.964] [info] [ApplicationEvent] Event received: MouseMovedEvent: (272.000000, 208.000000)
[2025-07-03 14:21:38.965] [debug] [ImguiLayer] Mouse Moved: (272, 208)
[2025-07-03 14:21:38.965] [info] [WindowsWindow] Mouse moved to (271, 206) in window KnightEngine
[2025-07-03 14:21:38.966] [info] [ApplicationEvent] Event received: MouseMovedEvent: (271.000000, 206.000000)
[2025-07-03 14:21:38.966] [debug] [ImguiLayer] Mouse Moved: (271, 206)
[2025-07-03 14:21:38.967] [info] [WindowsWindow] Mouse moved to (269, 205) in window KnightEngine
[2025-07-03 14:21:38.967] [info] [ApplicationEvent] Event received: MouseMovedEvent: (269.000000, 205.000000)
[2025-07-03 14:21:38.968] [debug] [ImguiLayer] Mouse Moved: (269, 205)
[2025-07-03 14:21:38.968] [info] [WindowsWindow] Mouse moved to (269, 204) in window KnightEngine
[2025-07-03 14:21:38.969] [info] [ApplicationEvent] Event received: MouseMovedEvent: (269.000000, 204.000000)
[2025-07-03 14:21:38.969] [debug] [ImguiLayer] Mouse Moved: (269, 204)
[2025-07-03 14:21:38.969] [info] [WindowsWindow] Mouse moved to (267, 203) in window KnightEngine
[2025-07-03 14:21:38.970] [info] [ApplicationEvent] Event received: MouseMovedEvent: (267.000000, 203.000000)
[2025-07-03 14:21:38.970] [debug] [ImguiLayer] Mouse Moved: (267, 203)
[2025-07-03 14:21:38.970] [info] [WindowsWindow] Mouse moved to (266, 201) in window KnightEngine
[2025-07-03 14:21:38.971] [info] [ApplicationEvent] Event received: MouseMovedEvent: (266.000000, 201.000000)
[2025-07-03 14:21:38.971] [debug] [ImguiLayer] Mouse Moved: (266, 201)
[2025-07-03 14:21:38.972] [info] [WindowsWindow] Mouse moved to (263, 199) in window KnightEngine
[2025-07-03 14:21:38.972] [info] [ApplicationEvent] Event received: MouseMovedEvent: (263.000000, 199.000000)
[2025-07-03 14:21:38.973] [debug] [ImguiLayer] Mouse Moved: (263, 199)
[2025-07-03 14:21:38.973] [info] [WindowsWindow] Mouse moved to (261, 197) in window KnightEngine
[2025-07-03 14:21:38.974] [info] [ApplicationEvent] Event received: MouseMovedEvent: (261.000000, 197.000000)
[2025-07-03 14:21:38.974] [debug] [ImguiLayer] Mouse Moved: (261, 197)
[2025-07-03 14:21:38.989] [info] [WindowsWindow] Mouse moved to (236, 175) in window KnightEngine
[2025-07-03 14:21:38.990] [info] [ApplicationEvent] Event received: MouseMovedEvent: (236.000000, 175.000000)
[2025-07-03 14:21:38.990] [debug] [ImguiLayer] Mouse Moved: (236, 175)
[2025-07-03 14:21:38.990] [info] [WindowsWindow] Mouse moved to (232, 171) in window KnightEngine
[2025-07-03 14:21:38.991] [info] [ApplicationEvent] Event received: MouseMovedEvent: (232.000000, 171.000000)
[2025-07-03 14:21:38.991] [debug] [ImguiLayer] Mouse Moved: (232, 171)
[2025-07-03 14:21:38.992] [info] [WindowsWindow] Mouse moved to (229, 170) in window KnightEngine
[2025-07-03 14:21:38.992] [info] [ApplicationEvent] Event received: MouseMovedEvent: (229.000000, 170.000000)
[2025-07-03 14:21:38.992] [debug] [ImguiLayer] Mouse Moved: (229, 170)
[2025-07-03 14:21:38.993] [info] [WindowsWindow] Mouse moved to (225, 165) in window KnightEngine
[2025-07-03 14:21:38.993] [info] [ApplicationEvent] Event received: MouseMovedEvent: (225.000000, 165.000000)
[2025-07-03 14:21:38.993] [debug] [ImguiLayer] Mouse Moved: (225, 165)
[2025-07-03 14:21:38.993] [info] [WindowsWindow] Mouse moved to (219, 160) in window KnightEngine
[2025-07-03 14:21:38.994] [info] [ApplicationEvent] Event received: MouseMovedEvent: (219.000000, 160.000000)
[2025-07-03 14:21:38.994] [debug] [ImguiLayer] Mouse Moved: (219, 160)
[2025-07-03 14:21:38.994] [info] [WindowsWindow] Mouse moved to (215, 157) in window KnightEngine
[2025-07-03 14:21:38.994] [info] [ApplicationEvent] Event received: MouseMovedEvent: (215.000000, 157.000000)
[2025-07-03 14:21:38.995] [debug] [ImguiLayer] Mouse Moved: (215, 157)
[2025-07-03 14:21:39.015] [info] [WindowsWindow] Mouse moved to (200, 146) in window KnightEngine
[2025-07-03 14:21:39.015] [info] [ApplicationEvent] Event received: MouseMovedEvent: (200.000000, 146.000000)
[2025-07-03 14:21:39.016] [debug] [ImguiLayer] Mouse Moved: (200, 146)
[2025-07-03 14:21:39.016] [info] [WindowsWindow] Mouse moved to (197, 145) in window KnightEngine
[2025-07-03 14:21:39.017] [info] [ApplicationEvent] Event received: MouseMovedEvent: (197.000000, 145.000000)
[2025-07-03 14:21:39.017] [debug] [ImguiLayer] Mouse Moved: (197, 145)
[2025-07-03 14:21:39.017] [info] [WindowsWindow] Mouse moved to (197, 144) in window KnightEngine
[2025-07-03 14:21:39.018] [info] [ApplicationEvent] Event received: MouseMovedEvent: (197.000000, 144.000000)
[2025-07-03 14:21:39.018] [debug] [ImguiLayer] Mouse Moved: (197, 144)
[2025-07-03 14:21:39.018] [info] [WindowsWindow] Mouse moved to (194, 142) in window KnightEngine
[2025-07-03 14:21:39.018] [info] [ApplicationEvent] Event received: MouseMovedEvent: (194.000000, 142.000000)
[2025-07-03 14:21:39.019] [debug] [ImguiLayer] Mouse Moved: (194, 142)
[2025-07-03 14:21:39.019] [info] [WindowsWindow] Mouse moved to (191, 139) in window KnightEngine
[2025-07-03 14:21:39.020] [info] [ApplicationEvent] Event received: MouseMovedEvent: (191.000000, 139.000000)
[2025-07-03 14:21:39.021] [debug] [ImguiLayer] Mouse Moved: (191, 139)
[2025-07-03 14:21:39.021] [info] [WindowsWindow] Mouse moved to (187, 136) in window KnightEngine
[2025-07-03 14:21:39.022] [info] [ApplicationEvent] Event received: MouseMovedEvent: (187.000000, 136.000000)
[2025-07-03 14:21:39.022] [debug] [ImguiLayer] Mouse Moved: (187, 136)
[2025-07-03 14:21:39.022] [info] [WindowsWindow] Mouse moved to (185, 135) in window KnightEngine
[2025-07-03 14:21:39.022] [info] [ApplicationEvent] Event received: MouseMovedEvent: (185.000000, 135.000000)
[2025-07-03 14:21:39.023] [debug] [ImguiLayer] Mouse Moved: (185, 135)
[2025-07-03 14:21:39.023] [info] [WindowsWindow] Mouse moved to (183, 133) in window KnightEngine
[2025-07-03 14:21:39.023] [info] [ApplicationEvent] Event received: MouseMovedEvent: (183.000000, 133.000000)
[2025-07-03 14:21:39.023] [debug] [ImguiLayer] Mouse Moved: (183, 133)
[2025-07-03 14:21:39.024] [info] [WindowsWindow] Mouse moved to (181, 131) in window KnightEngine
[2025-07-03 14:21:39.024] [info] [ApplicationEvent] Event received: MouseMovedEvent: (181.000000, 131.000000)
[2025-07-03 14:21:39.025] [debug] [ImguiLayer] Mouse Moved: (181, 131)
[2025-07-03 14:21:39.027] [info] [WindowsWindow] Mouse moved to (175, 124) in window KnightEngine
[2025-07-03 14:21:39.027] [info] [ApplicationEvent] Event received: MouseMovedEvent: (175.000000, 124.000000)
[2025-07-03 14:21:39.027] [debug] [ImguiLayer] Mouse Moved: (175, 124)
[2025-07-03 14:21:39.042] [info] [WindowsWindow] Mouse moved to (174, 122) in window KnightEngine
[2025-07-03 14:21:39.043] [info] [ApplicationEvent] Event received: MouseMovedEvent: (174.000000, 122.000000)
[2025-07-03 14:21:39.043] [debug] [ImguiLayer] Mouse Moved: (174, 122)
[2025-07-03 14:21:39.043] [info] [WindowsWindow] Mouse moved to (174, 120) in window KnightEngine
[2025-07-03 14:21:39.043] [info] [ApplicationEvent] Event received: MouseMovedEvent: (174.000000, 120.000000)
[2025-07-03 14:21:39.044] [debug] [ImguiLayer] Mouse Moved: (174, 120)
[2025-07-03 14:21:39.044] [info] [WindowsWindow] Mouse moved to (173, 119) in window KnightEngine
[2025-07-03 14:21:39.044] [info] [ApplicationEvent] Event received: MouseMovedEvent: (173.000000, 119.000000)
[2025-07-03 14:21:39.044] [debug] [ImguiLayer] Mouse Moved: (173, 119)
[2025-07-03 14:21:39.044] [info] [WindowsWindow] Mouse moved to (173, 118) in window KnightEngine
[2025-07-03 14:21:39.045] [info] [ApplicationEvent] Event received: MouseMovedEvent: (173.000000, 118.000000)
[2025-07-03 14:21:39.045] [debug] [ImguiLayer] Mouse Moved: (173, 118)
[2025-07-03 14:21:39.082] [info] [WindowsWindow] Mouse moved to (173, 117) in window KnightEngine
[2025-07-03 14:21:39.083] [info] [ApplicationEvent] Event received: MouseMovedEvent: (173.000000, 117.000000)
[2025-07-03 14:21:39.084] [debug] [ImguiLayer] Mouse Moved: (173, 117)
[2025-07-03 14:21:39.085] [info] [WindowsWindow] Mouse moved to (172, 116) in window KnightEngine
[2025-07-03 14:21:39.085] [info] [ApplicationEvent] Event received: MouseMovedEvent: (172.000000, 116.000000)
[2025-07-03 14:21:39.086] [debug] [ImguiLayer] Mouse Moved: (172, 116)
[2025-07-03 14:21:39.139] [debug] [WindowsWindow] Mouse button event in window KnightEngine
[2025-07-03 14:21:39.140] [info] [ApplicationEvent] Event received: MouseButtonPressedEvent: 1
[2025-07-03 14:21:39.140] [debug] [ImguiLayer] Mouse Button Pressed: 1
[2025-07-03 14:21:39.263] [debug] [WindowsWindow] Mouse button event in window KnightEngine
[2025-07-03 14:21:39.264] [info] [ApplicationEvent] Event received: MouseButtonReleasedEvent: 1
[2025-07-03 14:21:39.264] [debug] [ImguiLayer] Mouse Button Released: 1
[2025-07-03 14:21:39.459] [debug] [WindowsWindow] Mouse button event in window KnightEngine
[2025-07-03 14:21:39.459] [info] [ApplicationEvent] Event received: MouseButtonPressedEvent: 1
[2025-07-03 14:21:39.459] [debug] [ImguiLayer] Mouse Button Pressed: 1
[2025-07-03 14:21:39.526] [debug] [WindowsWindow] Mouse button event in window KnightEngine
[2025-07-03 14:21:39.527] [info] [ApplicationEvent] Event received: MouseButtonReleasedEvent: 1
[2025-07-03 14:21:39.528] [debug] [ImguiLayer] Mouse Button Released: 1
[2025-07-03 14:21:39.601] [debug] [WindowsWindow] Mouse button event in window KnightEngine
[2025-07-03 14:21:39.601] [info] [ApplicationEvent] Event received: MouseButtonPressedEvent: 1
[2025-07-03 14:21:39.602] [debug] [ImguiLayer] Mouse Button Pressed: 1
[2025-07-03 14:21:39.683] [debug] [WindowsWindow] Mouse button event in window KnightEngine
[2025-07-03 14:21:39.684] [info] [ApplicationEvent] Event received: MouseButtonReleasedEvent: 1
[2025-07-03 14:21:39.685] [debug] [ImguiLayer] Mouse Button Released: 1
[2025-07-03 14:21:39.691] [info] [WindowsWindow] Mouse moved to (174, 116) in window KnightEngine
[2025-07-03 14:21:39.692] [info] [ApplicationEvent] Event received: MouseMovedEvent: (174.000000, 116.000000)
[2025-07-03 14:21:39.692] [debug] [ImguiLayer] Mouse Moved: (174, 116)
[2025-07-03 14:21:39.703] [info] [WindowsWindow] Mouse moved to (176, 117) in window KnightEngine
[2025-07-03 14:21:39.704] [info] [ApplicationEvent] Event received: MouseMovedEvent: (176.000000, 117.000000)
[2025-07-03 14:21:39.704] [debug] [ImguiLayer] Mouse Moved: (176, 117)
[2025-07-03 14:21:39.704] [info] [WindowsWindow] Mouse moved to (177, 117) in window KnightEngine
[2025-07-03 14:21:39.704] [info] [ApplicationEvent] Event received: MouseMovedEvent: (177.000000, 117.000000)
[2025-07-03 14:21:39.704] [debug] [ImguiLayer] Mouse Moved: (177, 117)
[2025-07-03 14:21:39.705] [info] [WindowsWindow] Mouse moved to (179, 118) in window KnightEngine
[2025-07-03 14:21:39.705] [info] [ApplicationEvent] Event received: MouseMovedEvent: (179.000000, 118.000000)
[2025-07-03 14:21:39.705] [debug] [ImguiLayer] Mouse Moved: (179, 118)
[2025-07-03 14:21:39.705] [info] [WindowsWindow] Mouse moved to (179, 119) in window KnightEngine
[2025-07-03 14:21:39.705] [info] [ApplicationEvent] Event received: MouseMovedEvent: (179.000000, 119.000000)
[2025-07-03 14:21:39.706] [debug] [ImguiLayer] Mouse Moved: (179, 119)
[2025-07-03 14:21:39.706] [info] [WindowsWindow] Mouse moved to (181, 120) in window KnightEngine
[2025-07-03 14:21:39.706] [info] [ApplicationEvent] Event received: MouseMovedEvent: (181.000000, 120.000000)
[2025-07-03 14:21:39.706] [debug] [ImguiLayer] Mouse Moved: (181, 120)
[2025-07-03 14:21:39.707] [info] [WindowsWindow] Mouse moved to (182, 121) in window KnightEngine
[2025-07-03 14:21:39.707] [info] [ApplicationEvent] Event received: MouseMovedEvent: (182.000000, 121.000000)
[2025-07-03 14:21:39.707] [debug] [ImguiLayer] Mouse Moved: (182, 121)
[2025-07-03 14:21:39.711] [info] [WindowsWindow] Mouse moved to (191, 126) in window KnightEngine
[2025-07-03 14:21:39.712] [info] [ApplicationEvent] Event received: MouseMovedEvent: (191.000000, 126.000000)
[2025-07-03 14:21:39.712] [debug] [ImguiLayer] Mouse Moved: (191, 126)
[2025-07-03 14:21:39.712] [info] [WindowsWindow] Mouse moved to (193, 126) in window KnightEngine
[2025-07-03 14:21:39.713] [info] [ApplicationEvent] Event received: MouseMovedEvent: (193.000000, 126.000000)
[2025-07-03 14:21:39.713] [debug] [ImguiLayer] Mouse Moved: (193, 126)
[2025-07-03 14:21:39.714] [info] [WindowsWindow] Mouse moved to (197, 128) in window KnightEngine
[2025-07-03 14:21:39.714] [info] [ApplicationEvent] Event received: MouseMovedEvent: (197.000000, 128.000000)
[2025-07-03 14:21:39.714] [debug] [ImguiLayer] Mouse Moved: (197, 128)
[2025-07-03 14:21:39.736] [info] [WindowsWindow] Mouse moved to (205, 132) in window KnightEngine
[2025-07-03 14:21:39.737] [info] [ApplicationEvent] Event received: MouseMovedEvent: (205.000000, 132.000000)
[2025-07-03 14:21:39.737] [debug] [ImguiLayer] Mouse Moved: (205, 132)
[2025-07-03 14:21:39.738] [info] [WindowsWindow] Mouse moved to (207, 133) in window KnightEngine
[2025-07-03 14:21:39.738] [info] [ApplicationEvent] Event received: MouseMovedEvent: (207.000000, 133.000000)
[2025-07-03 14:21:39.738] [debug] [ImguiLayer] Mouse Moved: (207, 133)
[2025-07-03 14:21:39.738] [info] [WindowsWindow] Mouse moved to (213, 135) in window KnightEngine
[2025-07-03 14:21:39.739] [info] [ApplicationEvent] Event received: MouseMovedEvent: (213.000000, 135.000000)
[2025-07-03 14:21:39.739] [debug] [ImguiLayer] Mouse Moved: (213, 135)
[2025-07-03 14:21:39.739] [info] [WindowsWindow] Mouse moved to (216, 136) in window KnightEngine
[2025-07-03 14:21:39.739] [info] [ApplicationEvent] Event received: MouseMovedEvent: (216.000000, 136.000000)
[2025-07-03 14:21:39.739] [debug] [ImguiLayer] Mouse Moved: (216, 136)
[2025-07-03 14:21:39.740] [info] [WindowsWindow] Mouse moved to (220, 138) in window KnightEngine
[2025-07-03 14:21:39.740] [info] [ApplicationEvent] Event received: MouseMovedEvent: (220.000000, 138.000000)
[2025-07-03 14:21:39.740] [debug] [ImguiLayer] Mouse Moved: (220, 138)
[2025-07-03 14:21:39.740] [info] [WindowsWindow] Mouse moved to (223, 139) in window KnightEngine
[2025-07-03 14:21:39.741] [info] [ApplicationEvent] Event received: MouseMovedEvent: (223.000000, 139.000000)
[2025-07-03 14:21:39.741] [debug] [ImguiLayer] Mouse Moved: (223, 139)
[2025-07-03 14:21:39.742] [info] [WindowsWindow] Mouse moved to (231, 142) in window KnightEngine
[2025-07-03 14:21:39.742] [info] [ApplicationEvent] Event received: MouseMovedEvent: (231.000000, 142.000000)
[2025-07-03 14:21:39.742] [debug] [ImguiLayer] Mouse Moved: (231, 142)
[2025-07-03 14:21:39.743] [info] [WindowsWindow] Mouse moved to (234, 145) in window KnightEngine
[2025-07-03 14:21:39.743] [info] [ApplicationEvent] Event received: MouseMovedEvent: (234.000000, 145.000000)
[2025-07-03 14:21:39.743] [debug] [ImguiLayer] Mouse Moved: (234, 145)
[2025-07-03 14:21:39.744] [info] [WindowsWindow] Mouse moved to (239, 147) in window KnightEngine
[2025-07-03 14:21:39.744] [info] [ApplicationEvent] Event received: MouseMovedEvent: (239.000000, 147.000000)
[2025-07-03 14:21:39.744] [debug] [ImguiLayer] Mouse Moved: (239, 147)
[2025-07-03 14:21:39.744] [info] [WindowsWindow] Mouse moved to (243, 148) in window KnightEngine
[2025-07-03 14:21:39.745] [info] [ApplicationEvent] Event received: MouseMovedEvent: (243.000000, 148.000000)
[2025-07-03 14:21:39.745] [debug] [ImguiLayer] Mouse Moved: (243, 148)
[2025-07-03 14:21:39.745] [info] [WindowsWindow] Mouse moved to (249, 150) in window KnightEngine
[2025-07-03 14:21:39.745] [info] [ApplicationEvent] Event received: MouseMovedEvent: (249.000000, 150.000000)
[2025-07-03 14:21:39.746] [debug] [ImguiLayer] Mouse Moved: (249, 150)
[2025-07-03 14:21:39.746] [info] [WindowsWindow] Mouse moved to (255, 152) in window KnightEngine
[2025-07-03 14:21:39.746] [info] [ApplicationEvent] Event received: MouseMovedEvent: (255.000000, 152.000000)
[2025-07-03 14:21:39.746] [debug] [ImguiLayer] Mouse Moved: (255, 152)
[2025-07-03 14:21:39.746] [info] [WindowsWindow] Mouse moved to (258, 153) in window KnightEngine
[2025-07-03 14:21:39.747] [info] [ApplicationEvent] Event received: MouseMovedEvent: (258.000000, 153.000000)
[2025-07-03 14:21:39.747] [debug] [ImguiLayer] Mouse Moved: (258, 153)
[2025-07-03 14:21:39.747] [info] [WindowsWindow] Mouse moved to (261, 154) in window KnightEngine
[2025-07-03 14:21:39.747] [info] [ApplicationEvent] Event received: MouseMovedEvent: (261.000000, 154.000000)
[2025-07-03 14:21:39.747] [debug] [ImguiLayer] Mouse Moved: (261, 154)
[2025-07-03 14:21:39.750] [info] [WindowsWindow] Mouse moved to (311, 169) in window KnightEngine
[2025-07-03 14:21:39.750] [info] [ApplicationEvent] Event received: MouseMovedEvent: (311.000000, 169.000000)
[2025-07-03 14:21:39.750] [debug] [ImguiLayer] Mouse Moved: (311, 169)
[2025-07-03 14:21:39.769] [info] [WindowsWindow] Mouse moved to (332, 175) in window KnightEngine
[2025-07-03 14:21:39.769] [info] [ApplicationEvent] Event received: MouseMovedEvent: (332.000000, 175.000000)
[2025-07-03 14:21:39.770] [debug] [ImguiLayer] Mouse Moved: (332, 175)
[2025-07-03 14:21:39.771] [info] [WindowsWindow] Mouse moved to (335, 176) in window KnightEngine
[2025-07-03 14:21:39.771] [info] [ApplicationEvent] Event received: MouseMovedEvent: (335.000000, 176.000000)
[2025-07-03 14:21:39.771] [debug] [ImguiLayer] Mouse Moved: (335, 176)
[2025-07-03 14:21:39.772] [info] [WindowsWindow] Mouse moved to (347, 179) in window KnightEngine
[2025-07-03 14:21:39.772] [info] [ApplicationEvent] Event received: MouseMovedEvent: (347.000000, 179.000000)
[2025-07-03 14:21:39.772] [debug] [ImguiLayer] Mouse Moved: (347, 179)
[2025-07-03 14:21:39.773] [info] [WindowsWindow] Mouse moved to (355, 180) in window KnightEngine
[2025-07-03 14:21:39.773] [info] [ApplicationEvent] Event received: MouseMovedEvent: (355.000000, 180.000000)
[2025-07-03 14:21:39.773] [debug] [ImguiLayer] Mouse Moved: (355, 180)
[2025-07-03 14:21:39.774] [info] [WindowsWindow] Mouse moved to (360, 181) in window KnightEngine
[2025-07-03 14:21:39.775] [info] [ApplicationEvent] Event received: MouseMovedEvent: (360.000000, 181.000000)
[2025-07-03 14:21:39.775] [debug] [ImguiLayer] Mouse Moved: (360, 181)
[2025-07-03 14:21:39.775] [info] [WindowsWindow] Mouse moved to (374, 185) in window KnightEngine
[2025-07-03 14:21:39.776] [info] [ApplicationEvent] Event received: MouseMovedEvent: (374.000000, 185.000000)
[2025-07-03 14:21:39.776] [debug] [ImguiLayer] Mouse Moved: (374, 185)
[2025-07-03 14:21:39.777] [info] [WindowsWindow] Mouse moved to (383, 187) in window KnightEngine
[2025-07-03 14:21:39.777] [info] [ApplicationEvent] Event received: MouseMovedEvent: (383.000000, 187.000000)
[2025-07-03 14:21:39.777] [debug] [ImguiLayer] Mouse Moved: (383, 187)
[2025-07-03 14:21:39.800] [info] [WindowsWindow] Mouse moved to (453, 200) in window KnightEngine
[2025-07-03 14:21:39.800] [info] [ApplicationEvent] Event received: MouseMovedEvent: (453.000000, 200.000000)
[2025-07-03 14:21:39.801] [debug] [ImguiLayer] Mouse Moved: (453, 200)
[2025-07-03 14:21:39.801] [info] [WindowsWindow] Mouse moved to (459, 201) in window KnightEngine
[2025-07-03 14:21:39.802] [info] [ApplicationEvent] Event received: MouseMovedEvent: (459.000000, 201.000000)
[2025-07-03 14:21:39.802] [debug] [ImguiLayer] Mouse Moved: (459, 201)
[2025-07-03 14:21:39.802] [info] [WindowsWindow] Mouse moved to (466, 202) in window KnightEngine
[2025-07-03 14:21:39.802] [info] [ApplicationEvent] Event received: MouseMovedEvent: (466.000000, 202.000000)
[2025-07-03 14:21:39.803] [debug] [ImguiLayer] Mouse Moved: (466, 202)
[2025-07-03 14:21:39.803] [info] [WindowsWindow] Mouse moved to (477, 205) in window KnightEngine
[2025-07-03 14:21:39.803] [info] [ApplicationEvent] Event received: MouseMovedEvent: (477.000000, 205.000000)
[2025-07-03 14:21:39.804] [debug] [ImguiLayer] Mouse Moved: (477, 205)
[2025-07-03 14:21:39.804] [info] [WindowsWindow] Mouse moved to (484, 206) in window KnightEngine
[2025-07-03 14:21:39.804] [info] [ApplicationEvent] Event received: MouseMovedEvent: (484.000000, 206.000000)
[2025-07-03 14:21:39.804] [debug] [ImguiLayer] Mouse Moved: (484, 206)
[2025-07-03 14:21:39.804] [info] [WindowsWindow] Mouse moved to (497, 209) in window KnightEngine
[2025-07-03 14:21:39.805] [info] [ApplicationEvent] Event received: MouseMovedEvent: (497.000000, 209.000000)
[2025-07-03 14:21:39.805] [debug] [ImguiLayer] Mouse Moved: (497, 209)
[2025-07-03 14:21:39.805] [info] [WindowsWindow] Mouse moved to (509, 210) in window KnightEngine
[2025-07-03 14:21:39.805] [info] [ApplicationEvent] Event received: MouseMovedEvent: (509.000000, 210.000000)
[2025-07-03 14:21:39.806] [debug] [ImguiLayer] Mouse Moved: (509, 210)
[2025-07-03 14:21:39.806] [info] [WindowsWindow] Mouse moved to (532, 215) in window KnightEngine
[2025-07-03 14:21:39.806] [info] [ApplicationEvent] Event received: MouseMovedEvent: (532.000000, 215.000000)
[2025-07-03 14:21:39.806] [debug] [ImguiLayer] Mouse Moved: (532, 215)
[2025-07-03 14:21:39.806] [info] [WindowsWindow] Mouse moved to (539, 216) in window KnightEngine
[2025-07-03 14:21:39.807] [info] [ApplicationEvent] Event received: MouseMovedEvent: (539.000000, 216.000000)
[2025-07-03 14:21:39.807] [debug] [ImguiLayer] Mouse Moved: (539, 216)
[2025-07-03 14:21:39.807] [info] [WindowsWindow] Mouse moved to (545, 217) in window KnightEngine
[2025-07-03 14:21:39.808] [info] [ApplicationEvent] Event received: MouseMovedEvent: (545.000000, 217.000000)
[2025-07-03 14:21:39.808] [debug] [ImguiLayer] Mouse Moved: (545, 217)
[2025-07-03 14:21:39.808] [info] [WindowsWindow] Mouse moved to (552, 218) in window KnightEngine
[2025-07-03 14:21:39.808] [info] [ApplicationEvent] Event received: MouseMovedEvent: (552.000000, 218.000000)
[2025-07-03 14:21:39.809] [debug] [ImguiLayer] Mouse Moved: (552, 218)
[2025-07-03 14:21:39.809] [info] [WindowsWindow] Mouse moved to (556, 220) in window KnightEngine
[2025-07-03 14:21:39.809] [info] [ApplicationEvent] Event received: MouseMovedEvent: (556.000000, 220.000000)
[2025-07-03 14:21:39.809] [debug] [ImguiLayer] Mouse Moved: (556, 220)
[2025-07-03 14:21:39.810] [info] [WindowsWindow] Mouse moved to (569, 222) in window KnightEngine
[2025-07-03 14:21:39.810] [info] [ApplicationEvent] Event received: MouseMovedEvent: (569.000000, 222.000000)
[2025-07-03 14:21:39.810] [debug] [ImguiLayer] Mouse Moved: (569, 222)
[2025-07-03 14:21:39.833] [info] [WindowsWindow] Mouse moved to (632, 234) in window KnightEngine
[2025-07-03 14:21:39.834] [info] [ApplicationEvent] Event received: MouseMovedEvent: (632.000000, 234.000000)
[2025-07-03 14:21:39.834] [debug] [ImguiLayer] Mouse Moved: (632, 234)
[2025-07-03 14:21:39.834] [info] [WindowsWindow] Mouse moved to (635, 235) in window KnightEngine
[2025-07-03 14:21:39.835] [info] [ApplicationEvent] Event received: MouseMovedEvent: (635.000000, 235.000000)
[2025-07-03 14:21:39.835] [debug] [ImguiLayer] Mouse Moved: (635, 235)
[2025-07-03 14:21:39.835] [info] [WindowsWindow] Mouse moved to (638, 236) in window KnightEngine
[2025-07-03 14:21:39.836] [info] [ApplicationEvent] Event received: MouseMovedEvent: (638.000000, 236.000000)
[2025-07-03 14:21:39.836] [debug] [ImguiLayer] Mouse Moved: (638, 236)
[2025-07-03 14:21:39.837] [info] [WindowsWindow] Mouse moved to (640, 236) in window KnightEngine
[2025-07-03 14:21:39.838] [info] [ApplicationEvent] Event received: MouseMovedEvent: (640.000000, 236.000000)
[2025-07-03 14:21:39.838] [debug] [ImguiLayer] Mouse Moved: (640, 236)
[2025-07-03 14:21:39.838] [info] [WindowsWindow] Mouse moved to (645, 237) in window KnightEngine
[2025-07-03 14:21:39.839] [info] [ApplicationEvent] Event received: MouseMovedEvent: (645.000000, 237.000000)
[2025-07-03 14:21:39.839] [debug] [ImguiLayer] Mouse Moved: (645, 237)
[2025-07-03 14:21:39.839] [info] [WindowsWindow] Mouse moved to (651, 238) in window KnightEngine
[2025-07-03 14:21:39.839] [info] [ApplicationEvent] Event received: MouseMovedEvent: (651.000000, 238.000000)
[2025-07-03 14:21:39.840] [debug] [ImguiLayer] Mouse Moved: (651, 238)
[2025-07-03 14:21:39.840] [info] [WindowsWindow] Mouse moved to (655, 239) in window KnightEngine
[2025-07-03 14:21:39.840] [info] [ApplicationEvent] Event received: MouseMovedEvent: (655.000000, 239.000000)
[2025-07-03 14:21:39.841] [debug] [ImguiLayer] Mouse Moved: (655, 239)
[2025-07-03 14:21:39.842] [info] [WindowsWindow] Mouse moved to (658, 239) in window KnightEngine
[2025-07-03 14:21:39.842] [info] [ApplicationEvent] Event received: MouseMovedEvent: (658.000000, 239.000000)
[2025-07-03 14:21:39.842] [debug] [ImguiLayer] Mouse Moved: (658, 239)
[2025-07-03 14:21:39.843] [info] [WindowsWindow] Mouse moved to (660, 240) in window KnightEngine
[2025-07-03 14:21:39.843] [info] [ApplicationEvent] Event received: MouseMovedEvent: (660.000000, 240.000000)
[2025-07-03 14:21:39.843] [debug] [ImguiLayer] Mouse Moved: (660, 240)
[2025-07-03 14:21:39.844] [info] [WindowsWindow] Mouse moved to (662, 240) in window KnightEngine
[2025-07-03 14:21:39.844] [info] [ApplicationEvent] Event received: MouseMovedEvent: (662.000000, 240.000000)
[2025-07-03 14:21:39.844] [debug] [ImguiLayer] Mouse Moved: (662, 240)
[2025-07-03 14:21:39.844] [info] [WindowsWindow] Mouse moved to (663, 241) in window KnightEngine
[2025-07-03 14:21:39.845] [info] [ApplicationEvent] Event received: MouseMovedEvent: (663.000000, 241.000000)
[2025-07-03 14:21:39.845] [debug] [ImguiLayer] Mouse Moved: (663, 241)
[2025-07-03 14:21:39.849] [info] [WindowsWindow] Mouse moved to (666, 241) in window KnightEngine
[2025-07-03 14:21:39.850] [info] [ApplicationEvent] Event received: MouseMovedEvent: (666.000000, 241.000000)
[2025-07-03 14:21:39.851] [debug] [ImguiLayer] Mouse Moved: (666, 241)
[2025-07-03 14:21:39.967] [info] [WindowsWindow] Mouse moved to (667, 241) in window KnightEngine
[2025-07-03 14:21:39.968] [info] [ApplicationEvent] Event received: MouseMovedEvent: (667.000000, 241.000000)
[2025-07-03 14:21:39.969] [debug] [ImguiLayer] Mouse Moved: (667, 241)
[2025-07-03 14:21:39.972] [info] [WindowsWindow] Mouse moved to (668, 242) in window KnightEngine
[2025-07-03 14:21:39.973] [info] [ApplicationEvent] Event received: MouseMovedEvent: (668.000000, 242.000000)
[2025-07-03 14:21:39.973] [debug] [ImguiLayer] Mouse Moved: (668, 242)
[2025-07-03 14:21:39.974] [info] [WindowsWindow] Mouse moved to (669, 242) in window KnightEngine
[2025-07-03 14:21:39.974] [info] [ApplicationEvent] Event received: MouseMovedEvent: (669.000000, 242.000000)
[2025-07-03 14:21:39.974] [debug] [ImguiLayer] Mouse Moved: (669, 242)
[2025-07-03 14:21:39.978] [info] [WindowsWindow] Mouse moved to (670, 242) in window KnightEngine
[2025-07-03 14:21:39.979] [info] [ApplicationEvent] Event received: MouseMovedEvent: (670.000000, 242.000000)
[2025-07-03 14:21:39.979] [debug] [ImguiLayer] Mouse Moved: (670, 242)
[2025-07-03 14:21:39.979] [info] [WindowsWindow] Mouse moved to (671, 242) in window KnightEngine
[2025-07-03 14:21:39.979] [info] [ApplicationEvent] Event received: MouseMovedEvent: (671.000000, 242.000000)
[2025-07-03 14:21:39.979] [debug] [ImguiLayer] Mouse Moved: (671, 242)
[2025-07-03 14:21:39.980] [info] [WindowsWindow] Mouse moved to (672, 242) in window KnightEngine
[2025-07-03 14:21:39.980] [info] [ApplicationEvent] Event received: MouseMovedEvent: (672.000000, 242.000000)
[2025-07-03 14:21:39.980] [debug] [ImguiLayer] Mouse Moved: (672, 242)
[2025-07-03 14:21:39.981] [info] [WindowsWindow] Mouse moved to (674, 242) in window KnightEngine
[2025-07-03 14:21:39.982] [info] [ApplicationEvent] Event received: MouseMovedEvent: (674.000000, 242.000000)
[2025-07-03 14:21:39.982] [debug] [ImguiLayer] Mouse Moved: (674, 242)
[2025-07-03 14:21:39.987] [info] [WindowsWindow] Mouse moved to (675, 242) in window KnightEngine
[2025-07-03 14:21:39.987] [info] [ApplicationEvent] Event received: MouseMovedEvent: (675.000000, 242.000000)
[2025-07-03 14:21:39.988] [debug] [ImguiLayer] Mouse Moved: (675, 242)
[2025-07-03 14:21:39.988] [info] [WindowsWindow] Mouse moved to (676, 242) in window KnightEngine
[2025-07-03 14:21:39.988] [info] [ApplicationEvent] Event received: MouseMovedEvent: (676.000000, 242.000000)
[2025-07-03 14:21:39.988] [debug] [ImguiLayer] Mouse Moved: (676, 242)
[2025-07-03 14:21:39.989] [info] [WindowsWindow] Mouse moved to (677, 242) in window KnightEngine
[2025-07-03 14:21:39.989] [info] [ApplicationEvent] Event received: MouseMovedEvent: (677.000000, 242.000000)
[2025-07-03 14:21:39.990] [debug] [ImguiLayer] Mouse Moved: (677, 242)
[2025-07-03 14:21:39.990] [info] [WindowsWindow] Mouse moved to (678, 242) in window KnightEngine
[2025-07-03 14:21:39.990] [info] [ApplicationEvent] Event received: MouseMovedEvent: (678.000000, 242.000000)
[2025-07-03 14:21:39.990] [debug] [ImguiLayer] Mouse Moved: (678, 242)
[2025-07-03 14:21:39.996] [info] [WindowsWindow] Mouse moved to (681, 242) in window KnightEngine
[2025-07-03 14:21:39.997] [info] [ApplicationEvent] Event received: MouseMovedEvent: (681.000000, 242.000000)
[2025-07-03 14:21:39.997] [debug] [ImguiLayer] Mouse Moved: (681, 242)
[2025-07-03 14:21:39.997] [info] [WindowsWindow] Mouse moved to (682, 242) in window KnightEngine
[2025-07-03 14:21:39.997] [info] [ApplicationEvent] Event received: MouseMovedEvent: (682.000000, 242.000000)
[2025-07-03 14:21:39.998] [debug] [ImguiLayer] Mouse Moved: (682, 242)
[2025-07-03 14:21:39.998] [info] [WindowsWindow] Mouse moved to (684, 242) in window KnightEngine
[2025-07-03 14:21:39.998] [info] [ApplicationEvent] Event received: MouseMovedEvent: (684.000000, 242.000000)
[2025-07-03 14:21:39.998] [debug] [ImguiLayer] Mouse Moved: (684, 242)
[2025-07-03 14:21:39.998] [info] [WindowsWindow] Mouse moved to (685, 242) in window KnightEngine
[2025-07-03 14:21:39.998] [info] [ApplicationEvent] Event received: MouseMovedEvent: (685.000000, 242.000000)
[2025-07-03 14:21:39.999] [debug] [ImguiLayer] Mouse Moved: (685, 242)
[2025-07-03 14:21:39.999] [info] [WindowsWindow] Mouse moved to (686, 242) in window KnightEngine
[2025-07-03 14:21:39.999] [info] [ApplicationEvent] Event received: MouseMovedEvent: (686.000000, 242.000000)
[2025-07-03 14:21:39.999] [debug] [ImguiLayer] Mouse Moved: (686, 242)
[2025-07-03 14:21:40.008] [info] [WindowsWindow] Mouse moved to (690, 242) in window KnightEngine
[2025-07-03 14:21:40.009] [info] [ApplicationEvent] Event received: MouseMovedEvent: (690.000000, 242.000000)
[2025-07-03 14:21:40.009] [debug] [ImguiLayer] Mouse Moved: (690, 242)
[2025-07-03 14:21:40.010] [info] [WindowsWindow] Mouse moved to (691, 242) in window KnightEngine
[2025-07-03 14:21:40.010] [info] [ApplicationEvent] Event received: MouseMovedEvent: (691.000000, 242.000000)
[2025-07-03 14:21:40.010] [debug] [ImguiLayer] Mouse Moved: (691, 242)
[2025-07-03 14:21:40.010] [info] [WindowsWindow] Mouse moved to (692, 242) in window KnightEngine
[2025-07-03 14:21:40.010] [info] [ApplicationEvent] Event received: MouseMovedEvent: (692.000000, 242.000000)
[2025-07-03 14:21:40.010] [debug] [ImguiLayer] Mouse Moved: (692, 242)
[2025-07-03 14:21:40.011] [info] [WindowsWindow] Mouse moved to (693, 242) in window KnightEngine
[2025-07-03 14:21:40.011] [info] [ApplicationEvent] Event received: MouseMovedEvent: (693.000000, 242.000000)
[2025-07-03 14:21:40.012] [debug] [ImguiLayer] Mouse Moved: (693, 242)
[2025-07-03 14:21:40.012] [info] [WindowsWindow] Mouse moved to (697, 242) in window KnightEngine
[2025-07-03 14:21:40.012] [info] [ApplicationEvent] Event received: MouseMovedEvent: (697.000000, 242.000000)
[2025-07-03 14:21:40.013] [debug] [ImguiLayer] Mouse Moved: (697, 242)
[2025-07-03 14:21:40.023] [info] [WindowsWindow] Mouse moved to (701, 242) in window KnightEngine
[2025-07-03 14:21:40.023] [info] [ApplicationEvent] Event received: MouseMovedEvent: (701.000000, 242.000000)
[2025-07-03 14:21:40.024] [debug] [ImguiLayer] Mouse Moved: (701, 242)
[2025-07-03 14:21:40.024] [info] [WindowsWindow] Mouse moved to (702, 242) in window KnightEngine
[2025-07-03 14:21:40.024] [info] [ApplicationEvent] Event received: MouseMovedEvent: (702.000000, 242.000000)
[2025-07-03 14:21:40.024] [debug] [ImguiLayer] Mouse Moved: (702, 242)
[2025-07-03 14:21:40.025] [info] [WindowsWindow] Mouse moved to (703, 242) in window KnightEngine
[2025-07-03 14:21:40.025] [info] [ApplicationEvent] Event received: MouseMovedEvent: (703.000000, 242.000000)
[2025-07-03 14:21:40.025] [debug] [ImguiLayer] Mouse Moved: (703, 242)
[2025-07-03 14:21:40.103] [debug] [WindowsWindow] Mouse button event in window KnightEngine
[2025-07-03 14:21:40.104] [info] [ApplicationEvent] Event received: MouseButtonPressedEvent: 1
[2025-07-03 14:21:40.104] [debug] [ImguiLayer] Mouse Button Pressed: 1
[2025-07-03 14:21:40.208] [debug] [WindowsWindow] Mouse button event in window KnightEngine
[2025-07-03 14:21:40.209] [info] [ApplicationEvent] Event received: MouseButtonReleasedEvent: 1
[2025-07-03 14:21:40.209] [debug] [ImguiLayer] Mouse Button Released: 1
[2025-07-03 14:21:40.229] [info] [WindowsWindow] Mouse moved to (702, 242) in window KnightEngine
[2025-07-03 14:21:40.230] [info] [ApplicationEvent] Event received: MouseMovedEvent: (702.000000, 242.000000)
[2025-07-03 14:21:40.230] [debug] [ImguiLayer] Mouse Moved: (702, 242)
[2025-07-03 14:21:40.243] [info] [WindowsWindow] Mouse moved to (701, 242) in window KnightEngine
[2025-07-03 14:21:40.243] [info] [ApplicationEvent] Event received: MouseMovedEvent: (701.000000, 242.000000)
[2025-07-03 14:21:40.244] [debug] [ImguiLayer] Mouse Moved: (701, 242)
[2025-07-03 14:21:40.251] [info] [WindowsWindow] Mouse moved to (700, 242) in window KnightEngine
[2025-07-03 14:21:40.251] [info] [ApplicationEvent] Event received: MouseMovedEvent: (700.000000, 242.000000)
[2025-07-03 14:21:40.252] [debug] [ImguiLayer] Mouse Moved: (700, 242)
[2025-07-03 14:21:40.260] [info] [WindowsWindow] Mouse moved to (699, 242) in window KnightEngine
[2025-07-03 14:21:40.262] [info] [ApplicationEvent] Event received: MouseMovedEvent: (699.000000, 242.000000)
[2025-07-03 14:21:40.262] [debug] [ImguiLayer] Mouse Moved: (699, 242)
[2025-07-03 14:21:40.266] [info] [WindowsWindow] Mouse moved to (698, 243) in window KnightEngine
[2025-07-03 14:21:40.267] [info] [ApplicationEvent] Event received: MouseMovedEvent: (698.000000, 243.000000)
[2025-07-03 14:21:40.268] [debug] [ImguiLayer] Mouse Moved: (698, 243)
[2025-07-03 14:21:40.283] [info] [WindowsWindow] Mouse moved to (697, 243) in window KnightEngine
[2025-07-03 14:21:40.283] [info] [ApplicationEvent] Event received: MouseMovedEvent: (697.000000, 243.000000)
[2025-07-03 14:21:40.284] [debug] [ImguiLayer] Mouse Moved: (697, 243)
[2025-07-03 14:21:40.284] [info] [WindowsWindow] Mouse moved to (696, 243) in window KnightEngine
[2025-07-03 14:21:40.285] [info] [ApplicationEvent] Event received: MouseMovedEvent: (696.000000, 243.000000)
[2025-07-03 14:21:40.285] [debug] [ImguiLayer] Mouse Moved: (696, 243)
[2025-07-03 14:21:40.286] [info] [WindowsWindow] Mouse moved to (695, 244) in window KnightEngine
[2025-07-03 14:21:40.287] [info] [ApplicationEvent] Event received: MouseMovedEvent: (695.000000, 244.000000)
[2025-07-03 14:21:40.287] [debug] [ImguiLayer] Mouse Moved: (695, 244)
[2025-07-03 14:21:40.288] [info] [WindowsWindow] Mouse moved to (694, 244) in window KnightEngine
[2025-07-03 14:21:40.288] [info] [ApplicationEvent] Event received: MouseMovedEvent: (694.000000, 244.000000)
[2025-07-03 14:21:40.289] [debug] [ImguiLayer] Mouse Moved: (694, 244)
[2025-07-03 14:21:40.289] [info] [WindowsWindow] Mouse moved to (693, 245) in window KnightEngine
[2025-07-03 14:21:40.290] [info] [ApplicationEvent] Event received: MouseMovedEvent: (693.000000, 245.000000)
[2025-07-03 14:21:40.291] [debug] [ImguiLayer] Mouse Moved: (693, 245)
[2025-07-03 14:21:40.298] [info] [WindowsWindow] Mouse moved to (689, 246) in window KnightEngine
[2025-07-03 14:21:40.298] [info] [ApplicationEvent] Event received: MouseMovedEvent: (689.000000, 246.000000)
[2025-07-03 14:21:40.299] [debug] [ImguiLayer] Mouse Moved: (689, 246)
[2025-07-03 14:21:40.299] [info] [WindowsWindow] Mouse moved to (688, 246) in window KnightEngine
[2025-07-03 14:21:40.300] [info] [ApplicationEvent] Event received: MouseMovedEvent: (688.000000, 246.000000)
[2025-07-03 14:21:40.300] [debug] [ImguiLayer] Mouse Moved: (688, 246)
[2025-07-03 14:21:40.304] [info] [WindowsWindow] Mouse moved to (687, 246) in window KnightEngine
[2025-07-03 14:21:40.304] [info] [ApplicationEvent] Event received: MouseMovedEvent: (687.000000, 246.000000)
[2025-07-03 14:21:40.304] [debug] [ImguiLayer] Mouse Moved: (687, 246)
[2025-07-03 14:21:40.304] [info] [WindowsWindow] Mouse moved to (687, 247) in window KnightEngine
[2025-07-03 14:21:40.305] [info] [ApplicationEvent] Event received: MouseMovedEvent: (687.000000, 247.000000)
[2025-07-03 14:21:40.305] [debug] [ImguiLayer] Mouse Moved: (687, 247)
[2025-07-03 14:21:40.308] [info] [WindowsWindow] Mouse moved to (686, 247) in window KnightEngine
[2025-07-03 14:21:40.308] [info] [ApplicationEvent] Event received: MouseMovedEvent: (686.000000, 247.000000)
[2025-07-03 14:21:40.308] [debug] [ImguiLayer] Mouse Moved: (686, 247)
[2025-07-03 14:21:40.313] [info] [WindowsWindow] Mouse moved to (684, 247) in window KnightEngine
[2025-07-03 14:21:40.314] [info] [ApplicationEvent] Event received: MouseMovedEvent: (684.000000, 247.000000)
[2025-07-03 14:21:40.314] [debug] [ImguiLayer] Mouse Moved: (684, 247)
[2025-07-03 14:21:40.323] [info] [WindowsWindow] Mouse moved to (683, 247) in window KnightEngine
[2025-07-03 14:21:40.324] [info] [ApplicationEvent] Event received: MouseMovedEvent: (683.000000, 247.000000)
[2025-07-03 14:21:40.324] [debug] [ImguiLayer] Mouse Moved: (683, 247)
[2025-07-03 14:21:40.327] [info] [WindowsWindow] Mouse moved to (682, 247) in window KnightEngine
[2025-07-03 14:21:40.327] [info] [ApplicationEvent] Event received: MouseMovedEvent: (682.000000, 247.000000)
[2025-07-03 14:21:40.328] [debug] [ImguiLayer] Mouse Moved: (682, 247)
[2025-07-03 14:21:40.330] [info] [WindowsWindow] Mouse moved to (681, 247) in window KnightEngine
[2025-07-03 14:21:40.330] [info] [ApplicationEvent] Event received: MouseMovedEvent: (681.000000, 247.000000)
[2025-07-03 14:21:40.330] [debug] [ImguiLayer] Mouse Moved: (681, 247)
[2025-07-03 14:21:40.340] [info] [WindowsWindow] Mouse moved to (680, 246) in window KnightEngine
[2025-07-03 14:21:40.340] [info] [ApplicationEvent] Event received: MouseMovedEvent: (680.000000, 246.000000)
[2025-07-03 14:21:40.341] [debug] [ImguiLayer] Mouse Moved: (680, 246)
[2025-07-03 14:21:40.342] [info] [WindowsWindow] Mouse moved to (679, 246) in window KnightEngine
[2025-07-03 14:21:40.343] [info] [ApplicationEvent] Event received: MouseMovedEvent: (679.000000, 246.000000)
[2025-07-03 14:21:40.343] [debug] [ImguiLayer] Mouse Moved: (679, 246)
[2025-07-03 14:21:40.346] [info] [WindowsWindow] Mouse moved to (678, 246) in window KnightEngine
[2025-07-03 14:21:40.346] [info] [ApplicationEvent] Event received: MouseMovedEvent: (678.000000, 246.000000)
[2025-07-03 14:21:40.347] [debug] [ImguiLayer] Mouse Moved: (678, 246)
[2025-07-03 14:21:40.351] [info] [WindowsWindow] Mouse moved to (677, 245) in window KnightEngine
[2025-07-03 14:21:40.352] [info] [ApplicationEvent] Event received: MouseMovedEvent: (677.000000, 245.000000)
[2025-07-03 14:21:40.352] [debug] [ImguiLayer] Mouse Moved: (677, 245)
[2025-07-03 14:21:40.356] [info] [WindowsWindow] Mouse moved to (676, 245) in window KnightEngine
[2025-07-03 14:21:40.356] [info] [ApplicationEvent] Event received: MouseMovedEvent: (676.000000, 245.000000)
[2025-07-03 14:21:40.357] [debug] [ImguiLayer] Mouse Moved: (676, 245)
[2025-07-03 14:21:40.360] [info] [WindowsWindow] Mouse moved to (675, 244) in window KnightEngine
[2025-07-03 14:21:40.360] [info] [ApplicationEvent] Event received: MouseMovedEvent: (675.000000, 244.000000)
[2025-07-03 14:21:40.361] [debug] [ImguiLayer] Mouse Moved: (675, 244)
[2025-07-03 14:21:40.374] [info] [WindowsWindow] Mouse moved to (674, 244) in window KnightEngine
[2025-07-03 14:21:40.375] [info] [ApplicationEvent] Event received: MouseMovedEvent: (674.000000, 244.000000)
[2025-07-03 14:21:40.375] [debug] [ImguiLayer] Mouse Moved: (674, 244)
[2025-07-03 14:21:40.398] [info] [WindowsWindow] Mouse moved to (674, 243) in window KnightEngine
[2025-07-03 14:21:40.398] [info] [ApplicationEvent] Event received: MouseMovedEvent: (674.000000, 243.000000)
[2025-07-03 14:21:40.399] [debug] [ImguiLayer] Mouse Moved: (674, 243)
[2025-07-03 14:21:40.482] [info] [WindowsWindow] Mouse moved to (673, 243) in window KnightEngine
[2025-07-03 14:21:40.483] [info] [ApplicationEvent] Event received: MouseMovedEvent: (673.000000, 243.000000)
[2025-07-03 14:21:40.484] [debug] [ImguiLayer] Mouse Moved: (673, 243)
[2025-07-03 14:21:40.489] [info] [WindowsWindow] Mouse moved to (672, 243) in window KnightEngine
[2025-07-03 14:21:40.489] [info] [ApplicationEvent] Event received: MouseMovedEvent: (672.000000, 243.000000)
[2025-07-03 14:21:40.489] [debug] [ImguiLayer] Mouse Moved: (672, 243)
[2025-07-03 14:21:40.501] [info] [WindowsWindow] Mouse moved to (671, 243) in window KnightEngine
[2025-07-03 14:21:40.501] [info] [ApplicationEvent] Event received: MouseMovedEvent: (671.000000, 243.000000)
[2025-07-03 14:21:40.502] [debug] [ImguiLayer] Mouse Moved: (671, 243)
[2025-07-03 14:21:40.510] [info] [WindowsWindow] Mouse moved to (670, 243) in window KnightEngine
[2025-07-03 14:21:40.511] [info] [ApplicationEvent] Event received: MouseMovedEvent: (670.000000, 243.000000)
[2025-07-03 14:21:40.511] [debug] [ImguiLayer] Mouse Moved: (670, 243)
[2025-07-03 14:21:40.522] [info] [WindowsWindow] Mouse moved to (670, 242) in window KnightEngine
[2025-07-03 14:21:40.522] [info] [ApplicationEvent] Event received: MouseMovedEvent: (670.000000, 242.000000)
[2025-07-03 14:21:40.523] [debug] [ImguiLayer] Mouse Moved: (670, 242)
[2025-07-03 14:21:40.523] [info] [WindowsWindow] Mouse moved to (670, 241) in window KnightEngine
[2025-07-03 14:21:40.524] [info] [ApplicationEvent] Event received: MouseMovedEvent: (670.000000, 241.000000)
[2025-07-03 14:21:40.524] [debug] [ImguiLayer] Mouse Moved: (670, 241)
[2025-07-03 14:21:40.528] [info] [WindowsWindow] Mouse moved to (670, 239) in window KnightEngine
[2025-07-03 14:21:40.529] [info] [ApplicationEvent] Event received: MouseMovedEvent: (670.000000, 239.000000)
[2025-07-03 14:21:40.529] [debug] [ImguiLayer] Mouse Moved: (670, 239)
[2025-07-03 14:21:40.532] [info] [WindowsWindow] Mouse moved to (670, 238) in window KnightEngine
[2025-07-03 14:21:40.532] [info] [ApplicationEvent] Event received: MouseMovedEvent: (670.000000, 238.000000)
[2025-07-03 14:21:40.533] [debug] [ImguiLayer] Mouse Moved: (670, 238)
[2025-07-03 14:21:40.544] [info] [WindowsWindow] Mouse moved to (670, 237) in window KnightEngine
[2025-07-03 14:21:40.545] [info] [ApplicationEvent] Event received: MouseMovedEvent: (670.000000, 237.000000)
[2025-07-03 14:21:40.546] [debug] [ImguiLayer] Mouse Moved: (670, 237)
[2025-07-03 14:21:40.551] [info] [WindowsWindow] Mouse moved to (670, 236) in window KnightEngine
[2025-07-03 14:21:40.552] [info] [ApplicationEvent] Event received: MouseMovedEvent: (670.000000, 236.000000)
[2025-07-03 14:21:40.554] [debug] [ImguiLayer] Mouse Moved: (670, 236)
[2025-07-03 14:21:40.564] [info] [WindowsWindow] Mouse moved to (670, 234) in window KnightEngine
[2025-07-03 14:21:40.565] [info] [ApplicationEvent] Event received: MouseMovedEvent: (670.000000, 234.000000)
[2025-07-03 14:21:40.566] [debug] [ImguiLayer] Mouse Moved: (670, 234)
[2025-07-03 14:21:40.572] [info] [WindowsWindow] Mouse moved to (670, 233) in window KnightEngine
[2025-07-03 14:21:40.573] [info] [ApplicationEvent] Event received: MouseMovedEvent: (670.000000, 233.000000)
[2025-07-03 14:21:40.573] [debug] [ImguiLayer] Mouse Moved: (670, 233)
[2025-07-03 14:21:40.584] [info] [WindowsWindow] Mouse moved to (670, 232) in window KnightEngine
[2025-07-03 14:21:40.585] [info] [ApplicationEvent] Event received: MouseMovedEvent: (670.000000, 232.000000)
[2025-07-03 14:21:40.586] [debug] [ImguiLayer] Mouse Moved: (670, 232)
[2025-07-03 14:21:40.650] [info] [WindowsWindow] Mouse moved to (671, 231) in window KnightEngine
[2025-07-03 14:21:40.652] [info] [ApplicationEvent] Event received: MouseMovedEvent: (671.000000, 231.000000)
[2025-07-03 14:21:40.653] [debug] [ImguiLayer] Mouse Moved: (671, 231)
[2025-07-03 14:21:40.656] [info] [WindowsWindow] Mouse moved to (671, 230) in window KnightEngine
[2025-07-03 14:21:40.657] [info] [ApplicationEvent] Event received: MouseMovedEvent: (671.000000, 230.000000)
[2025-07-03 14:21:40.659] [debug] [ImguiLayer] Mouse Moved: (671, 230)
[2025-07-03 14:21:40.662] [info] [WindowsWindow] Mouse moved to (671, 229) in window KnightEngine
[2025-07-03 14:21:40.663] [info] [ApplicationEvent] Event received: MouseMovedEvent: (671.000000, 229.000000)
[2025-07-03 14:21:40.664] [debug] [ImguiLayer] Mouse Moved: (671, 229)
[2025-07-03 14:21:40.668] [info] [WindowsWindow] Mouse moved to (671, 227) in window KnightEngine
[2025-07-03 14:21:40.670] [info] [ApplicationEvent] Event received: MouseMovedEvent: (671.000000, 227.000000)
[2025-07-03 14:21:40.679] [debug] [ImguiLayer] Mouse Moved: (671, 227)
[2025-07-03 14:21:40.683] [info] [WindowsWindow] Mouse moved to (672, 226) in window KnightEngine
[2025-07-03 14:21:40.683] [info] [ApplicationEvent] Event received: MouseMovedEvent: (672.000000, 226.000000)
[2025-07-03 14:21:40.684] [debug] [ImguiLayer] Mouse Moved: (672, 226)
[2025-07-03 14:21:40.695] [info] [WindowsWindow] Mouse moved to (672, 225) in window KnightEngine
[2025-07-03 14:21:40.696] [info] [ApplicationEvent] Event received: MouseMovedEvent: (672.000000, 225.000000)
[2025-07-03 14:21:40.697] [debug] [ImguiLayer] Mouse Moved: (672, 225)
[2025-07-03 14:21:40.702] [info] [WindowsWindow] Mouse moved to (672, 223) in window KnightEngine
[2025-07-03 14:21:40.703] [info] [ApplicationEvent] Event received: MouseMovedEvent: (672.000000, 223.000000)
[2025-07-03 14:21:40.703] [debug] [ImguiLayer] Mouse Moved: (672, 223)
[2025-07-03 14:21:40.712] [info] [WindowsWindow] Mouse moved to (672, 222) in window KnightEngine
[2025-07-03 14:21:40.713] [info] [ApplicationEvent] Event received: MouseMovedEvent: (672.000000, 222.000000)
[2025-07-03 14:21:40.714] [debug] [ImguiLayer] Mouse Moved: (672, 222)
[2025-07-03 14:21:40.714] [info] [WindowsWindow] Mouse moved to (672, 221) in window KnightEngine
[2025-07-03 14:21:40.715] [info] [ApplicationEvent] Event received: MouseMovedEvent: (672.000000, 221.000000)
[2025-07-03 14:21:40.716] [debug] [ImguiLayer] Mouse Moved: (672, 221)
[2025-07-03 14:21:40.719] [info] [WindowsWindow] Mouse moved to (672, 220) in window KnightEngine
[2025-07-03 14:21:40.719] [info] [ApplicationEvent] Event received: MouseMovedEvent: (672.000000, 220.000000)
[2025-07-03 14:21:40.720] [debug] [ImguiLayer] Mouse Moved: (672, 220)
[2025-07-03 14:21:40.723] [info] [WindowsWindow] Mouse moved to (672, 219) in window KnightEngine
[2025-07-03 14:21:40.724] [info] [ApplicationEvent] Event received: MouseMovedEvent: (672.000000, 219.000000)
[2025-07-03 14:21:40.725] [debug] [ImguiLayer] Mouse Moved: (672, 219)
[2025-07-03 14:21:40.728] [info] [WindowsWindow] Mouse moved to (672, 218) in window KnightEngine
[2025-07-03 14:21:40.728] [info] [ApplicationEvent] Event received: MouseMovedEvent: (672.000000, 218.000000)
[2025-07-03 14:21:40.729] [debug] [ImguiLayer] Mouse Moved: (672, 218)
[2025-07-03 14:21:40.735] [info] [WindowsWindow] Mouse moved to (672, 217) in window KnightEngine
[2025-07-03 14:21:40.735] [info] [ApplicationEvent] Event received: MouseMovedEvent: (672.000000, 217.000000)
[2025-07-03 14:21:40.736] [debug] [ImguiLayer] Mouse Moved: (672, 217)
[2025-07-03 14:21:40.736] [info] [WindowsWindow] Mouse moved to (672, 216) in window KnightEngine
[2025-07-03 14:21:40.737] [info] [ApplicationEvent] Event received: MouseMovedEvent: (672.000000, 216.000000)
[2025-07-03 14:21:40.738] [debug] [ImguiLayer] Mouse Moved: (672, 216)
[2025-07-03 14:21:40.741] [info] [WindowsWindow] Mouse moved to (672, 215) in window KnightEngine
[2025-07-03 14:21:40.741] [info] [ApplicationEvent] Event received: MouseMovedEvent: (672.000000, 215.000000)
[2025-07-03 14:21:40.742] [debug] [ImguiLayer] Mouse Moved: (672, 215)
[2025-07-03 14:21:40.749] [info] [WindowsWindow] Mouse moved to (672, 214) in window KnightEngine
[2025-07-03 14:21:40.750] [info] [ApplicationEvent] Event received: MouseMovedEvent: (672.000000, 214.000000)
[2025-07-03 14:21:40.750] [debug] [ImguiLayer] Mouse Moved: (672, 214)
[2025-07-03 14:21:40.903] [debug] [WindowsWindow] Mouse button event in window KnightEngine
[2025-07-03 14:21:40.904] [info] [ApplicationEvent] Event received: MouseButtonPressedEvent: 1
[2025-07-03 14:21:40.904] [debug] [ImguiLayer] Mouse Button Pressed: 1
[2025-07-03 14:21:41.013] [debug] [WindowsWindow] Mouse button event in window KnightEngine
[2025-07-03 14:21:41.014] [info] [ApplicationEvent] Event received: MouseButtonReleasedEvent: 1
[2025-07-03 14:21:41.015] [debug] [ImguiLayer] Mouse Button Released: 1
[2025-07-03 14:21:41.109] [info] [WindowsWindow] Mouse moved to (672, 213) in window KnightEngine
[2025-07-03 14:21:41.110] [info] [ApplicationEvent] Event received: MouseMovedEvent: (672.000000, 213.000000)
[2025-07-03 14:21:41.111] [debug] [ImguiLayer] Mouse Moved: (672, 213)
[2025-07-03 14:21:41.114] [info] [WindowsWindow] Mouse moved to (672, 212) in window KnightEngine
[2025-07-03 14:21:41.114] [info] [ApplicationEvent] Event received: MouseMovedEvent: (672.000000, 212.000000)
[2025-07-03 14:21:41.115] [debug] [ImguiLayer] Mouse Moved: (672, 212)
[2025-07-03 14:21:41.117] [info] [WindowsWindow] Mouse moved to (672, 211) in window KnightEngine
[2025-07-03 14:21:41.117] [info] [ApplicationEvent] Event received: MouseMovedEvent: (672.000000, 211.000000)
[2025-07-03 14:21:41.117] [debug] [ImguiLayer] Mouse Moved: (672, 211)
[2025-07-03 14:21:41.121] [info] [WindowsWindow] Mouse moved to (672, 209) in window KnightEngine
[2025-07-03 14:21:41.122] [info] [ApplicationEvent] Event received: MouseMovedEvent: (672.000000, 209.000000)
[2025-07-03 14:21:41.122] [debug] [ImguiLayer] Mouse Moved: (672, 209)
[2025-07-03 14:21:41.130] [info] [WindowsWindow] Mouse moved to (672, 208) in window KnightEngine
[2025-07-03 14:21:41.131] [info] [ApplicationEvent] Event received: MouseMovedEvent: (672.000000, 208.000000)
[2025-07-03 14:21:41.132] [debug] [ImguiLayer] Mouse Moved: (672, 208)
[2025-07-03 14:21:41.136] [info] [WindowsWindow] Mouse moved to (672, 207) in window KnightEngine
[2025-07-03 14:21:41.137] [info] [ApplicationEvent] Event received: MouseMovedEvent: (672.000000, 207.000000)
[2025-07-03 14:21:41.137] [debug] [ImguiLayer] Mouse Moved: (672, 207)
[2025-07-03 14:21:41.138] [info] [WindowsWindow] Mouse moved to (672, 206) in window KnightEngine
[2025-07-03 14:21:41.139] [info] [ApplicationEvent] Event received: MouseMovedEvent: (672.000000, 206.000000)
[2025-07-03 14:21:41.140] [debug] [ImguiLayer] Mouse Moved: (672, 206)
[2025-07-03 14:21:41.144] [info] [WindowsWindow] Mouse moved to (672, 205) in window KnightEngine
[2025-07-03 14:21:41.145] [info] [ApplicationEvent] Event received: MouseMovedEvent: (672.000000, 205.000000)
[2025-07-03 14:21:41.146] [debug] [ImguiLayer] Mouse Moved: (672, 205)
[2025-07-03 14:21:41.150] [info] [WindowsWindow] Mouse moved to (672, 204) in window KnightEngine
[2025-07-03 14:21:41.152] [info] [ApplicationEvent] Event received: MouseMovedEvent: (672.000000, 204.000000)
[2025-07-03 14:21:41.152] [debug] [ImguiLayer] Mouse Moved: (672, 204)
[2025-07-03 14:21:41.153] [info] [WindowsWindow] Mouse moved to (672, 203) in window KnightEngine
[2025-07-03 14:21:41.153] [info] [ApplicationEvent] Event received: MouseMovedEvent: (672.000000, 203.000000)
[2025-07-03 14:21:41.154] [debug] [ImguiLayer] Mouse Moved: (672, 203)
[2025-07-03 14:21:41.165] [info] [WindowsWindow] Mouse moved to (672, 202) in window KnightEngine
[2025-07-03 14:21:41.166] [info] [ApplicationEvent] Event received: MouseMovedEvent: (672.000000, 202.000000)
[2025-07-03 14:21:41.166] [debug] [ImguiLayer] Mouse Moved: (672, 202)
[2025-07-03 14:21:41.167] [info] [WindowsWindow] Mouse moved to (672, 201) in window KnightEngine
[2025-07-03 14:21:41.167] [info] [ApplicationEvent] Event received: MouseMovedEvent: (672.000000, 201.000000)
[2025-07-03 14:21:41.168] [debug] [ImguiLayer] Mouse Moved: (672, 201)
[2025-07-03 14:21:41.177] [info] [WindowsWindow] Mouse moved to (672, 200) in window KnightEngine
[2025-07-03 14:21:41.178] [info] [ApplicationEvent] Event received: MouseMovedEvent: (672.000000, 200.000000)
[2025-07-03 14:21:41.179] [debug] [ImguiLayer] Mouse Moved: (672, 200)
[2025-07-03 14:21:41.194] [info] [WindowsWindow] Mouse moved to (672, 199) in window KnightEngine
[2025-07-03 14:21:41.195] [info] [ApplicationEvent] Event received: MouseMovedEvent: (672.000000, 199.000000)
[2025-07-03 14:21:41.196] [debug] [ImguiLayer] Mouse Moved: (672, 199)
[2025-07-03 14:21:41.256] [debug] [WindowsWindow] Mouse button event in window KnightEngine
[2025-07-03 14:21:41.257] [info] [ApplicationEvent] Event received: MouseButtonPressedEvent: 1
[2025-07-03 14:21:41.258] [debug] [ImguiLayer] Mouse Button Pressed: 1
[2025-07-03 14:21:41.346] [debug] [WindowsWindow] Mouse button event in window KnightEngine
[2025-07-03 14:21:41.347] [info] [ApplicationEvent] Event received: MouseButtonReleasedEvent: 1
[2025-07-03 14:21:41.349] [debug] [ImguiLayer] Mouse Button Released: 1
[2025-07-03 14:21:41.362] [info] [WindowsWindow] Mouse moved to (671, 199) in window KnightEngine
[2025-07-03 14:21:41.363] [info] [ApplicationEvent] Event received: MouseMovedEvent: (671.000000, 199.000000)
[2025-07-03 14:21:41.364] [debug] [ImguiLayer] Mouse Moved: (671, 199)
[2025-07-03 14:21:41.373] [info] [WindowsWindow] Mouse moved to (670, 199) in window KnightEngine
[2025-07-03 14:21:41.374] [info] [ApplicationEvent] Event received: MouseMovedEvent: (670.000000, 199.000000)
[2025-07-03 14:21:41.375] [debug] [ImguiLayer] Mouse Moved: (670, 199)
[2025-07-03 14:21:41.375] [info] [WindowsWindow] Mouse moved to (670, 198) in window KnightEngine
[2025-07-03 14:21:41.376] [info] [ApplicationEvent] Event received: MouseMovedEvent: (670.000000, 198.000000)
[2025-07-03 14:21:41.377] [debug] [ImguiLayer] Mouse Moved: (670, 198)
[2025-07-03 14:21:41.379] [info] [WindowsWindow] Mouse moved to (669, 197) in window KnightEngine
[2025-07-03 14:21:41.380] [info] [ApplicationEvent] Event received: MouseMovedEvent: (669.000000, 197.000000)
[2025-07-03 14:21:41.381] [debug] [ImguiLayer] Mouse Moved: (669, 197)
[2025-07-03 14:21:41.389] [info] [WindowsWindow] Mouse moved to (669, 196) in window KnightEngine
[2025-07-03 14:21:41.389] [info] [ApplicationEvent] Event received: MouseMovedEvent: (669.000000, 196.000000)
[2025-07-03 14:21:41.390] [debug] [ImguiLayer] Mouse Moved: (669, 196)
[2025-07-03 14:21:41.392] [info] [WindowsWindow] Mouse moved to (668, 195) in window KnightEngine
[2025-07-03 14:21:41.393] [info] [ApplicationEvent] Event received: MouseMovedEvent: (668.000000, 195.000000)
[2025-07-03 14:21:41.394] [debug] [ImguiLayer] Mouse Moved: (668, 195)
[2025-07-03 14:21:41.396] [info] [WindowsWindow] Mouse moved to (668, 194) in window KnightEngine
[2025-07-03 14:21:41.397] [info] [ApplicationEvent] Event received: MouseMovedEvent: (668.000000, 194.000000)
[2025-07-03 14:21:41.397] [debug] [ImguiLayer] Mouse Moved: (668, 194)
[2025-07-03 14:21:41.405] [info] [WindowsWindow] Mouse moved to (667, 193) in window KnightEngine
[2025-07-03 14:21:41.406] [info] [ApplicationEvent] Event received: MouseMovedEvent: (667.000000, 193.000000)
[2025-07-03 14:21:41.406] [debug] [ImguiLayer] Mouse Moved: (667, 193)
[2025-07-03 14:21:41.409] [info] [WindowsWindow] Mouse moved to (667, 192) in window KnightEngine
[2025-07-03 14:21:41.410] [info] [ApplicationEvent] Event received: MouseMovedEvent: (667.000000, 192.000000)
[2025-07-03 14:21:41.411] [debug] [ImguiLayer] Mouse Moved: (667, 192)
[2025-07-03 14:21:41.417] [info] [WindowsWindow] Mouse moved to (667, 191) in window KnightEngine
[2025-07-03 14:21:41.418] [info] [ApplicationEvent] Event received: MouseMovedEvent: (667.000000, 191.000000)
[2025-07-03 14:21:41.418] [debug] [ImguiLayer] Mouse Moved: (667, 191)
[2025-07-03 14:21:41.430] [info] [WindowsWindow] Mouse moved to (667, 189) in window KnightEngine
[2025-07-03 14:21:41.433] [info] [ApplicationEvent] Event received: MouseMovedEvent: (667.000000, 189.000000)
[2025-07-03 14:21:41.436] [debug] [ImguiLayer] Mouse Moved: (667, 189)
[2025-07-03 14:21:41.445] [info] [WindowsWindow] Mouse moved to (667, 185) in window KnightEngine
[2025-07-03 14:21:41.451] [info] [ApplicationEvent] Event received: MouseMovedEvent: (667.000000, 185.000000)
[2025-07-03 14:21:41.452] [debug] [ImguiLayer] Mouse Moved: (667, 185)
[2025-07-03 14:21:41.464] [info] [WindowsWindow] Mouse moved to (667, 182) in window KnightEngine
[2025-07-03 14:21:41.465] [info] [ApplicationEvent] Event received: MouseMovedEvent: (667.000000, 182.000000)
[2025-07-03 14:21:41.465] [debug] [ImguiLayer] Mouse Moved: (667, 182)
[2025-07-03 14:21:41.466] [info] [WindowsWindow] Mouse moved to (667, 181) in window KnightEngine
[2025-07-03 14:21:41.467] [info] [ApplicationEvent] Event received: MouseMovedEvent: (667.000000, 181.000000)
[2025-07-03 14:21:41.468] [debug] [ImguiLayer] Mouse Moved: (667, 181)
[2025-07-03 14:21:41.469] [info] [WindowsWindow] Mouse moved to (667, 180) in window KnightEngine
[2025-07-03 14:21:41.469] [info] [ApplicationEvent] Event received: MouseMovedEvent: (667.000000, 180.000000)
[2025-07-03 14:21:41.470] [debug] [ImguiLayer] Mouse Moved: (667, 180)
[2025-07-03 14:21:41.476] [info] [WindowsWindow] Mouse moved to (667, 179) in window KnightEngine
[2025-07-03 14:21:41.477] [info] [ApplicationEvent] Event received: MouseMovedEvent: (667.000000, 179.000000)
[2025-07-03 14:21:41.478] [debug] [ImguiLayer] Mouse Moved: (667, 179)
[2025-07-03 14:21:41.482] [info] [WindowsWindow] Mouse moved to (666, 178) in window KnightEngine
[2025-07-03 14:21:41.483] [info] [ApplicationEvent] Event received: MouseMovedEvent: (666.000000, 178.000000)
[2025-07-03 14:21:41.484] [debug] [ImguiLayer] Mouse Moved: (666, 178)
[2025-07-03 14:21:41.490] [info] [WindowsWindow] Mouse moved to (666, 177) in window KnightEngine
[2025-07-03 14:21:41.492] [info] [ApplicationEvent] Event received: MouseMovedEvent: (666.000000, 177.000000)
[2025-07-03 14:21:41.493] [debug] [ImguiLayer] Mouse Moved: (666, 177)
[2025-07-03 14:21:41.548] [debug] [WindowsWindow] Mouse button event in window KnightEngine
[2025-07-03 14:21:41.549] [info] [ApplicationEvent] Event received: MouseButtonPressedEvent: 1
[2025-07-03 14:21:41.550] [debug] [ImguiLayer] Mouse Button Pressed: 1
[2025-07-03 14:21:41.634] [debug] [WindowsWindow] Mouse button event in window KnightEngine
[2025-07-03 14:21:41.635] [info] [ApplicationEvent] Event received: MouseButtonReleasedEvent: 1
[2025-07-03 14:21:41.635] [debug] [ImguiLayer] Mouse Button Released: 1
[2025-07-03 14:21:41.651] [info] [WindowsWindow] Mouse moved to (666, 176) in window KnightEngine
[2025-07-03 14:21:41.651] [info] [ApplicationEvent] Event received: MouseMovedEvent: (666.000000, 176.000000)
[2025-07-03 14:21:41.652] [debug] [ImguiLayer] Mouse Moved: (666, 176)
[2025-07-03 14:21:41.659] [info] [WindowsWindow] Mouse moved to (666, 175) in window KnightEngine
[2025-07-03 14:21:41.660] [info] [ApplicationEvent] Event received: MouseMovedEvent: (666.000000, 175.000000)
[2025-07-03 14:21:41.660] [debug] [ImguiLayer] Mouse Moved: (666, 175)
[2025-07-03 14:21:41.664] [info] [WindowsWindow] Mouse moved to (666, 174) in window KnightEngine
[2025-07-03 14:21:41.665] [info] [ApplicationEvent] Event received: MouseMovedEvent: (666.000000, 174.000000)
[2025-07-03 14:21:41.665] [debug] [ImguiLayer] Mouse Moved: (666, 174)
[2025-07-03 14:21:41.677] [info] [WindowsWindow] Mouse moved to (666, 173) in window KnightEngine
[2025-07-03 14:21:41.700] [info] [ApplicationEvent] Event received: MouseMovedEvent: (666.000000, 173.000000)
[2025-07-03 14:21:41.701] [debug] [ImguiLayer] Mouse Moved: (666, 173)
[2025-07-03 14:21:41.723] [info] [WindowsWindow] Mouse moved to (666, 172) in window KnightEngine
[2025-07-03 14:21:41.724] [info] [ApplicationEvent] Event received: MouseMovedEvent: (666.000000, 172.000000)
[2025-07-03 14:21:41.725] [debug] [ImguiLayer] Mouse Moved: (666, 172)
[2025-07-03 14:21:41.743] [debug] [WindowsWindow] Mouse button event in window KnightEngine
[2025-07-03 14:21:41.744] [info] [ApplicationEvent] Event received: MouseButtonPressedEvent: 1
[2025-07-03 14:21:41.745] [debug] [ImguiLayer] Mouse Button Pressed: 1
[2025-07-03 14:21:41.841] [debug] [WindowsWindow] Mouse button event in window KnightEngine
[2025-07-03 14:21:41.842] [info] [ApplicationEvent] Event received: MouseButtonReleasedEvent: 1
[2025-07-03 14:21:41.843] [debug] [ImguiLayer] Mouse Button Released: 1
[2025-07-03 14:21:41.849] [info] [WindowsWindow] Mouse moved to (666, 171) in window KnightEngine
[2025-07-03 14:21:41.850] [info] [ApplicationEvent] Event received: MouseMovedEvent: (666.000000, 171.000000)
[2025-07-03 14:21:41.851] [debug] [ImguiLayer] Mouse Moved: (666, 171)
[2025-07-03 14:21:41.855] [info] [WindowsWindow] Mouse moved to (666, 169) in window KnightEngine
[2025-07-03 14:21:41.855] [info] [ApplicationEvent] Event received: MouseMovedEvent: (666.000000, 169.000000)
[2025-07-03 14:21:41.856] [debug] [ImguiLayer] Mouse Moved: (666, 169)
[2025-07-03 14:21:41.859] [info] [WindowsWindow] Mouse moved to (667, 168) in window KnightEngine
[2025-07-03 14:21:41.859] [info] [ApplicationEvent] Event received: MouseMovedEvent: (667.000000, 168.000000)
[2025-07-03 14:21:41.860] [debug] [ImguiLayer] Mouse Moved: (667, 168)
[2025-07-03 14:21:41.863] [info] [WindowsWindow] Mouse moved to (668, 167) in window KnightEngine
[2025-07-03 14:21:41.863] [info] [ApplicationEvent] Event received: MouseMovedEvent: (668.000000, 167.000000)
[2025-07-03 14:21:41.864] [debug] [ImguiLayer] Mouse Moved: (668, 167)
[2025-07-03 14:21:41.874] [info] [WindowsWindow] Mouse moved to (669, 165) in window KnightEngine
[2025-07-03 14:21:41.875] [info] [ApplicationEvent] Event received: MouseMovedEvent: (669.000000, 165.000000)
[2025-07-03 14:21:41.876] [debug] [ImguiLayer] Mouse Moved: (669, 165)
[2025-07-03 14:21:41.877] [info] [WindowsWindow] Mouse moved to (669, 164) in window KnightEngine
[2025-07-03 14:21:41.877] [info] [ApplicationEvent] Event received: MouseMovedEvent: (669.000000, 164.000000)
[2025-07-03 14:21:41.879] [debug] [ImguiLayer] Mouse Moved: (669, 164)
[2025-07-03 14:21:41.879] [info] [WindowsWindow] Mouse moved to (669, 163) in window KnightEngine
[2025-07-03 14:21:41.880] [info] [ApplicationEvent] Event received: MouseMovedEvent: (669.000000, 163.000000)
[2025-07-03 14:21:41.881] [debug] [ImguiLayer] Mouse Moved: (669, 163)
[2025-07-03 14:21:41.881] [info] [WindowsWindow] Mouse moved to (670, 163) in window KnightEngine
[2025-07-03 14:21:41.882] [info] [ApplicationEvent] Event received: MouseMovedEvent: (670.000000, 163.000000)
[2025-07-03 14:21:41.882] [debug] [ImguiLayer] Mouse Moved: (670, 163)
[2025-07-03 14:21:41.883] [info] [WindowsWindow] Mouse moved to (670, 162) in window KnightEngine
[2025-07-03 14:21:41.883] [info] [ApplicationEvent] Event received: MouseMovedEvent: (670.000000, 162.000000)
[2025-07-03 14:21:41.883] [debug] [ImguiLayer] Mouse Moved: (670, 162)
[2025-07-03 14:21:41.884] [info] [WindowsWindow] Mouse moved to (670, 161) in window KnightEngine
[2025-07-03 14:21:41.884] [info] [ApplicationEvent] Event received: MouseMovedEvent: (670.000000, 161.000000)
[2025-07-03 14:21:41.885] [debug] [ImguiLayer] Mouse Moved: (670, 161)
[2025-07-03 14:21:41.885] [info] [WindowsWindow] Mouse moved to (671, 161) in window KnightEngine
[2025-07-03 14:21:41.885] [info] [ApplicationEvent] Event received: MouseMovedEvent: (671.000000, 161.000000)
[2025-07-03 14:21:41.885] [debug] [ImguiLayer] Mouse Moved: (671, 161)
[2025-07-03 14:21:41.888] [info] [WindowsWindow] Mouse moved to (673, 158) in window KnightEngine
[2025-07-03 14:21:41.888] [info] [ApplicationEvent] Event received: MouseMovedEvent: (673.000000, 158.000000)
[2025-07-03 14:21:41.888] [debug] [ImguiLayer] Mouse Moved: (673, 158)
[2025-07-03 14:21:41.892] [info] [WindowsWindow] Mouse moved to (673, 157) in window KnightEngine
[2025-07-03 14:21:41.893] [info] [ApplicationEvent] Event received: MouseMovedEvent: (673.000000, 157.000000)
[2025-07-03 14:21:41.895] [debug] [ImguiLayer] Mouse Moved: (673, 157)
[2025-07-03 14:21:41.900] [info] [WindowsWindow] Mouse moved to (674, 156) in window KnightEngine
[2025-07-03 14:21:41.900] [info] [ApplicationEvent] Event received: MouseMovedEvent: (674.000000, 156.000000)
[2025-07-03 14:21:41.901] [debug] [ImguiLayer] Mouse Moved: (674, 156)
[2025-07-03 14:21:41.904] [info] [WindowsWindow] Mouse moved to (674, 155) in window KnightEngine
[2025-07-03 14:21:41.905] [info] [ApplicationEvent] Event received: MouseMovedEvent: (674.000000, 155.000000)
[2025-07-03 14:21:41.905] [debug] [ImguiLayer] Mouse Moved: (674, 155)
[2025-07-03 14:21:41.908] [info] [WindowsWindow] Mouse moved to (675, 155) in window KnightEngine
[2025-07-03 14:21:41.909] [info] [ApplicationEvent] Event received: MouseMovedEvent: (675.000000, 155.000000)
[2025-07-03 14:21:41.910] [debug] [ImguiLayer] Mouse Moved: (675, 155)
[2025-07-03 14:21:41.913] [info] [WindowsWindow] Mouse moved to (675, 154) in window KnightEngine
[2025-07-03 14:21:41.914] [info] [ApplicationEvent] Event received: MouseMovedEvent: (675.000000, 154.000000)
[2025-07-03 14:21:41.915] [debug] [ImguiLayer] Mouse Moved: (675, 154)
[2025-07-03 14:21:41.917] [info] [WindowsWindow] Mouse moved to (675, 153) in window KnightEngine
[2025-07-03 14:21:41.918] [info] [ApplicationEvent] Event received: MouseMovedEvent: (675.000000, 153.000000)
[2025-07-03 14:21:41.919] [debug] [ImguiLayer] Mouse Moved: (675, 153)
[2025-07-03 14:21:41.922] [info] [WindowsWindow] Mouse moved to (675, 152) in window KnightEngine
[2025-07-03 14:21:41.923] [info] [ApplicationEvent] Event received: MouseMovedEvent: (675.000000, 152.000000)
[2025-07-03 14:21:41.923] [debug] [ImguiLayer] Mouse Moved: (675, 152)
[2025-07-03 14:21:41.926] [info] [WindowsWindow] Mouse moved to (675, 151) in window KnightEngine
[2025-07-03 14:21:41.927] [info] [ApplicationEvent] Event received: MouseMovedEvent: (675.000000, 151.000000)
[2025-07-03 14:21:41.927] [debug] [ImguiLayer] Mouse Moved: (675, 151)
[2025-07-03 14:21:41.934] [info] [WindowsWindow] Mouse moved to (675, 150) in window KnightEngine
[2025-07-03 14:21:41.935] [info] [ApplicationEvent] Event received: MouseMovedEvent: (675.000000, 150.000000)
[2025-07-03 14:21:41.936] [debug] [ImguiLayer] Mouse Moved: (675, 150)
[2025-07-03 14:21:41.936] [info] [WindowsWindow] Mouse moved to (676, 150) in window KnightEngine
[2025-07-03 14:21:41.937] [info] [ApplicationEvent] Event received: MouseMovedEvent: (676.000000, 150.000000)
[2025-07-03 14:21:41.938] [debug] [ImguiLayer] Mouse Moved: (676, 150)
[2025-07-03 14:21:41.938] [info] [WindowsWindow] Mouse moved to (676, 149) in window KnightEngine
[2025-07-03 14:21:41.939] [info] [ApplicationEvent] Event received: MouseMovedEvent: (676.000000, 149.000000)
[2025-07-03 14:21:41.939] [debug] [ImguiLayer] Mouse Moved: (676, 149)
[2025-07-03 14:21:41.993] [debug] [WindowsWindow] Mouse button event in window KnightEngine
[2025-07-03 14:21:41.994] [info] [ApplicationEvent] Event received: MouseButtonPressedEvent: 1
[2025-07-03 14:21:41.995] [debug] [ImguiLayer] Mouse Button Pressed: 1
[2025-07-03 14:21:42.070] [debug] [WindowsWindow] Mouse button event in window KnightEngine
[2025-07-03 14:21:42.071] [info] [ApplicationEvent] Event received: MouseButtonReleasedEvent: 1
[2025-07-03 14:21:42.072] [debug] [ImguiLayer] Mouse Button Released: 1
[2025-07-03 14:21:42.083] [info] [WindowsWindow] Mouse moved to (676, 148) in window KnightEngine
[2025-07-03 14:21:42.084] [info] [ApplicationEvent] Event received: MouseMovedEvent: (676.000000, 148.000000)
[2025-07-03 14:21:42.085] [debug] [ImguiLayer] Mouse Moved: (676, 148)
[2025-07-03 14:21:42.090] [info] [WindowsWindow] Mouse moved to (675, 146) in window KnightEngine
[2025-07-03 14:21:42.090] [info] [ApplicationEvent] Event received: MouseMovedEvent: (675.000000, 146.000000)
[2025-07-03 14:21:42.091] [debug] [ImguiLayer] Mouse Moved: (675, 146)
[2025-07-03 14:21:42.094] [info] [WindowsWindow] Mouse moved to (674, 144) in window KnightEngine
[2025-07-03 14:21:42.095] [info] [ApplicationEvent] Event received: MouseMovedEvent: (674.000000, 144.000000)
[2025-07-03 14:21:42.095] [debug] [ImguiLayer] Mouse Moved: (674, 144)
[2025-07-03 14:21:42.096] [info] [WindowsWindow] Mouse moved to (674, 143) in window KnightEngine
[2025-07-03 14:21:42.096] [info] [ApplicationEvent] Event received: MouseMovedEvent: (674.000000, 143.000000)
[2025-07-03 14:21:42.096] [debug] [ImguiLayer] Mouse Moved: (674, 143)
[2025-07-03 14:21:42.098] [info] [WindowsWindow] Mouse moved to (672, 142) in window KnightEngine
[2025-07-03 14:21:42.099] [info] [ApplicationEvent] Event received: MouseMovedEvent: (672.000000, 142.000000)
[2025-07-03 14:21:42.100] [debug] [ImguiLayer] Mouse Moved: (672, 142)
[2025-07-03 14:21:42.106] [info] [WindowsWindow] Mouse moved to (671, 138) in window KnightEngine
[2025-07-03 14:21:42.107] [info] [ApplicationEvent] Event received: MouseMovedEvent: (671.000000, 138.000000)
[2025-07-03 14:21:42.109] [debug] [ImguiLayer] Mouse Moved: (671, 138)
[2025-07-03 14:21:42.109] [info] [WindowsWindow] Mouse moved to (670, 138) in window KnightEngine
[2025-07-03 14:21:42.110] [info] [ApplicationEvent] Event received: MouseMovedEvent: (670.000000, 138.000000)
[2025-07-03 14:21:42.111] [debug] [ImguiLayer] Mouse Moved: (670, 138)
[2025-07-03 14:21:42.114] [info] [WindowsWindow] Mouse moved to (669, 135) in window KnightEngine
[2025-07-03 14:21:42.115] [info] [ApplicationEvent] Event received: MouseMovedEvent: (669.000000, 135.000000)
[2025-07-03 14:21:42.116] [debug] [ImguiLayer] Mouse Moved: (669, 135)
[2025-07-03 14:21:42.119] [info] [WindowsWindow] Mouse moved to (668, 133) in window KnightEngine
[2025-07-03 14:21:42.120] [info] [ApplicationEvent] Event received: MouseMovedEvent: (668.000000, 133.000000)
[2025-07-03 14:21:42.120] [debug] [ImguiLayer] Mouse Moved: (668, 133)
[2025-07-03 14:21:42.146] [info] [WindowsWindow] Mouse moved to (668, 132) in window KnightEngine
[2025-07-03 14:21:42.148] [info] [ApplicationEvent] Event received: MouseMovedEvent: (668.000000, 132.000000)
[2025-07-03 14:21:42.149] [debug] [ImguiLayer] Mouse Moved: (668, 132)
[2025-07-03 14:21:42.184] [debug] [WindowsWindow] Mouse button event in window KnightEngine
[2025-07-03 14:21:42.185] [info] [ApplicationEvent] Event received: MouseButtonPressedEvent: 1
[2025-07-03 14:21:42.186] [debug] [ImguiLayer] Mouse Button Pressed: 1
[2025-07-03 14:21:42.274] [debug] [WindowsWindow] Mouse button event in window KnightEngine
[2025-07-03 14:21:42.275] [info] [ApplicationEvent] Event received: MouseButtonReleasedEvent: 1
[2025-07-03 14:21:42.276] [debug] [ImguiLayer] Mouse Button Released: 1
[2025-07-03 14:21:42.299] [info] [WindowsWindow] Mouse moved to (667, 132) in window KnightEngine
[2025-07-03 14:21:42.300] [info] [ApplicationEvent] Event received: MouseMovedEvent: (667.000000, 132.000000)
[2025-07-03 14:21:42.301] [debug] [ImguiLayer] Mouse Moved: (667, 132)
[2025-07-03 14:21:42.326] [info] [WindowsWindow] Mouse moved to (667, 131) in window KnightEngine
[2025-07-03 14:21:42.327] [info] [ApplicationEvent] Event received: MouseMovedEvent: (667.000000, 131.000000)
[2025-07-03 14:21:42.328] [debug] [ImguiLayer] Mouse Moved: (667, 131)
[2025-07-03 14:21:42.343] [info] [WindowsWindow] Mouse moved to (667, 130) in window KnightEngine
[2025-07-03 14:21:42.344] [info] [ApplicationEvent] Event received: MouseMovedEvent: (667.000000, 130.000000)
[2025-07-03 14:21:42.345] [debug] [ImguiLayer] Mouse Moved: (667, 130)
[2025-07-03 14:21:42.394] [debug] [WindowsWindow] Mouse button event in window KnightEngine
[2025-07-03 14:21:42.394] [info] [ApplicationEvent] Event received: MouseButtonPressedEvent: 1
[2025-07-03 14:21:42.395] [debug] [ImguiLayer] Mouse Button Pressed: 1
[2025-07-03 14:21:42.454] [debug] [WindowsWindow] Mouse button event in window KnightEngine
[2025-07-03 14:21:42.455] [info] [ApplicationEvent] Event received: MouseButtonReleasedEvent: 1
[2025-07-03 14:21:42.456] [debug] [ImguiLayer] Mouse Button Released: 1
[2025-07-03 14:21:42.508] [info] [WindowsWindow] Mouse moved to (667, 129) in window KnightEngine
[2025-07-03 14:21:42.509] [info] [ApplicationEvent] Event received: MouseMovedEvent: (667.000000, 129.000000)
[2025-07-03 14:21:42.510] [debug] [ImguiLayer] Mouse Moved: (667, 129)
[2025-07-03 14:21:42.517] [info] [WindowsWindow] Mouse moved to (667, 128) in window KnightEngine
[2025-07-03 14:21:42.518] [info] [ApplicationEvent] Event received: MouseMovedEvent: (667.000000, 128.000000)
[2025-07-03 14:21:42.519] [debug] [ImguiLayer] Mouse Moved: (667, 128)
[2025-07-03 14:21:42.527] [info] [WindowsWindow] Mouse moved to (667, 127) in window KnightEngine
[2025-07-03 14:21:42.528] [info] [ApplicationEvent] Event received: MouseMovedEvent: (667.000000, 127.000000)
[2025-07-03 14:21:42.529] [debug] [ImguiLayer] Mouse Moved: (667, 127)
[2025-07-03 14:21:42.576] [info] [WindowsWindow] Mouse moved to (668, 127) in window KnightEngine
[2025-07-03 14:21:42.576] [info] [ApplicationEvent] Event received: MouseMovedEvent: (668.000000, 127.000000)
[2025-07-03 14:21:42.577] [debug] [ImguiLayer] Mouse Moved: (668, 127)
[2025-07-03 14:21:42.585] [info] [WindowsWindow] Mouse moved to (669, 127) in window KnightEngine
[2025-07-03 14:21:42.585] [info] [ApplicationEvent] Event received: MouseMovedEvent: (669.000000, 127.000000)
[2025-07-03 14:21:42.585] [debug] [ImguiLayer] Mouse Moved: (669, 127)
[2025-07-03 14:21:42.585] [info] [WindowsWindow] Mouse moved to (669, 128) in window KnightEngine
[2025-07-03 14:21:42.586] [info] [ApplicationEvent] Event received: MouseMovedEvent: (669.000000, 128.000000)
[2025-07-03 14:21:42.586] [debug] [ImguiLayer] Mouse Moved: (669, 128)
[2025-07-03 14:21:42.596] [info] [WindowsWindow] Mouse moved to (669, 129) in window KnightEngine
[2025-07-03 14:21:42.596] [info] [ApplicationEvent] Event received: MouseMovedEvent: (669.000000, 129.000000)
[2025-07-03 14:21:42.597] [debug] [ImguiLayer] Mouse Moved: (669, 129)
[2025-07-03 14:21:42.600] [info] [WindowsWindow] Mouse moved to (670, 129) in window KnightEngine
[2025-07-03 14:21:42.600] [info] [ApplicationEvent] Event received: MouseMovedEvent: (670.000000, 129.000000)
[2025-07-03 14:21:42.601] [debug] [ImguiLayer] Mouse Moved: (670, 129)
[2025-07-03 14:21:42.604] [info] [WindowsWindow] Mouse moved to (670, 130) in window KnightEngine
[2025-07-03 14:21:42.605] [info] [ApplicationEvent] Event received: MouseMovedEvent: (670.000000, 130.000000)
[2025-07-03 14:21:42.605] [debug] [ImguiLayer] Mouse Moved: (670, 130)
[2025-07-03 14:21:42.610] [info] [WindowsWindow] Mouse moved to (670, 131) in window KnightEngine
[2025-07-03 14:21:42.610] [info] [ApplicationEvent] Event received: MouseMovedEvent: (670.000000, 131.000000)
[2025-07-03 14:21:42.611] [debug] [ImguiLayer] Mouse Moved: (670, 131)
[2025-07-03 14:21:42.611] [info] [WindowsWindow] Mouse moved to (671, 131) in window KnightEngine
[2025-07-03 14:21:42.611] [info] [ApplicationEvent] Event received: MouseMovedEvent: (671.000000, 131.000000)
[2025-07-03 14:21:42.611] [debug] [ImguiLayer] Mouse Moved: (671, 131)
[2025-07-03 14:21:42.622] [info] [WindowsWindow] Mouse moved to (671, 132) in window KnightEngine
[2025-07-03 14:21:42.623] [info] [ApplicationEvent] Event received: MouseMovedEvent: (671.000000, 132.000000)
[2025-07-03 14:21:42.623] [debug] [ImguiLayer] Mouse Moved: (671, 132)
[2025-07-03 14:21:42.626] [info] [WindowsWindow] Mouse moved to (672, 132) in window KnightEngine
[2025-07-03 14:21:42.626] [info] [ApplicationEvent] Event received: MouseMovedEvent: (672.000000, 132.000000)
[2025-07-03 14:21:42.626] [debug] [ImguiLayer] Mouse Moved: (672, 132)
[2025-07-03 14:21:42.630] [info] [WindowsWindow] Mouse moved to (672, 133) in window KnightEngine
[2025-07-03 14:21:42.630] [info] [ApplicationEvent] Event received: MouseMovedEvent: (672.000000, 133.000000)
[2025-07-03 14:21:42.630] [debug] [ImguiLayer] Mouse Moved: (672, 133)
[2025-07-03 14:21:42.638] [info] [WindowsWindow] Mouse moved to (672, 134) in window KnightEngine
[2025-07-03 14:21:42.639] [info] [ApplicationEvent] Event received: MouseMovedEvent: (672.000000, 134.000000)
[2025-07-03 14:21:42.639] [debug] [ImguiLayer] Mouse Moved: (672, 134)
[2025-07-03 14:21:42.643] [info] [WindowsWindow] Mouse moved to (673, 136) in window KnightEngine
[2025-07-03 14:21:42.644] [info] [ApplicationEvent] Event received: MouseMovedEvent: (673.000000, 136.000000)
[2025-07-03 14:21:42.644] [debug] [ImguiLayer] Mouse Moved: (673, 136)
[2025-07-03 14:21:42.648] [info] [WindowsWindow] Mouse moved to (673, 137) in window KnightEngine
[2025-07-03 14:21:42.649] [info] [ApplicationEvent] Event received: MouseMovedEvent: (673.000000, 137.000000)
[2025-07-03 14:21:42.650] [debug] [ImguiLayer] Mouse Moved: (673, 137)
[2025-07-03 14:21:42.651] [info] [WindowsWindow] Mouse moved to (674, 137) in window KnightEngine
[2025-07-03 14:21:42.652] [info] [ApplicationEvent] Event received: MouseMovedEvent: (674.000000, 137.000000)
[2025-07-03 14:21:42.652] [debug] [ImguiLayer] Mouse Moved: (674, 137)
[2025-07-03 14:21:42.660] [info] [WindowsWindow] Mouse moved to (675, 140) in window KnightEngine
[2025-07-03 14:21:42.661] [info] [ApplicationEvent] Event received: MouseMovedEvent: (675.000000, 140.000000)
[2025-07-03 14:21:42.661] [debug] [ImguiLayer] Mouse Moved: (675, 140)
[2025-07-03 14:21:42.664] [info] [WindowsWindow] Mouse moved to (675, 142) in window KnightEngine
[2025-07-03 14:21:42.665] [info] [ApplicationEvent] Event received: MouseMovedEvent: (675.000000, 142.000000)
[2025-07-03 14:21:42.666] [debug] [ImguiLayer] Mouse Moved: (675, 142)
[2025-07-03 14:21:42.670] [info] [WindowsWindow] Mouse moved to (676, 142) in window KnightEngine
[2025-07-03 14:21:42.671] [info] [ApplicationEvent] Event received: MouseMovedEvent: (676.000000, 142.000000)
[2025-07-03 14:21:42.672] [debug] [ImguiLayer] Mouse Moved: (676, 142)
[2025-07-03 14:21:42.677] [info] [WindowsWindow] Mouse moved to (677, 144) in window KnightEngine
[2025-07-03 14:21:42.678] [info] [ApplicationEvent] Event received: MouseMovedEvent: (677.000000, 144.000000)
[2025-07-03 14:21:42.680] [debug] [ImguiLayer] Mouse Moved: (677, 144)
[2025-07-03 14:21:42.685] [info] [WindowsWindow] Mouse moved to (678, 145) in window KnightEngine
[2025-07-03 14:21:42.686] [info] [ApplicationEvent] Event received: MouseMovedEvent: (678.000000, 145.000000)
[2025-07-03 14:21:42.687] [debug] [ImguiLayer] Mouse Moved: (678, 145)
[2025-07-03 14:21:42.688] [info] [WindowsWindow] Mouse moved to (678, 146) in window KnightEngine
[2025-07-03 14:21:42.689] [info] [ApplicationEvent] Event received: MouseMovedEvent: (678.000000, 146.000000)
[2025-07-03 14:21:42.689] [debug] [ImguiLayer] Mouse Moved: (678, 146)
[2025-07-03 14:21:42.693] [info] [WindowsWindow] Mouse moved to (679, 148) in window KnightEngine
[2025-07-03 14:21:42.694] [info] [ApplicationEvent] Event received: MouseMovedEvent: (679.000000, 148.000000)
[2025-07-03 14:21:42.694] [debug] [ImguiLayer] Mouse Moved: (679, 148)
[2025-07-03 14:21:42.697] [info] [WindowsWindow] Mouse moved to (680, 148) in window KnightEngine
[2025-07-03 14:21:42.698] [info] [ApplicationEvent] Event received: MouseMovedEvent: (680.000000, 148.000000)
[2025-07-03 14:21:42.700] [debug] [ImguiLayer] Mouse Moved: (680, 148)
[2025-07-03 14:21:42.706] [info] [WindowsWindow] Mouse moved to (680, 149) in window KnightEngine
[2025-07-03 14:21:42.707] [info] [ApplicationEvent] Event received: MouseMovedEvent: (680.000000, 149.000000)
[2025-07-03 14:21:42.707] [debug] [ImguiLayer] Mouse Moved: (680, 149)
[2025-07-03 14:21:42.710] [info] [WindowsWindow] Mouse moved to (681, 150) in window KnightEngine
[2025-07-03 14:21:42.711] [info] [ApplicationEvent] Event received: MouseMovedEvent: (681.000000, 150.000000)
[2025-07-03 14:21:42.712] [debug] [ImguiLayer] Mouse Moved: (681, 150)
[2025-07-03 14:21:42.718] [info] [WindowsWindow] Mouse moved to (681, 151) in window KnightEngine
[2025-07-03 14:21:42.719] [info] [ApplicationEvent] Event received: MouseMovedEvent: (681.000000, 151.000000)
[2025-07-03 14:21:42.720] [debug] [ImguiLayer] Mouse Moved: (681, 151)
[2025-07-03 14:21:42.723] [info] [WindowsWindow] Mouse moved to (681, 152) in window KnightEngine
[2025-07-03 14:21:42.724] [info] [ApplicationEvent] Event received: MouseMovedEvent: (681.000000, 152.000000)
[2025-07-03 14:21:42.725] [debug] [ImguiLayer] Mouse Moved: (681, 152)
[2025-07-03 14:21:42.730] [info] [WindowsWindow] Mouse moved to (681, 153) in window KnightEngine
[2025-07-03 14:21:42.731] [info] [ApplicationEvent] Event received: MouseMovedEvent: (681.000000, 153.000000)
[2025-07-03 14:21:42.732] [debug] [ImguiLayer] Mouse Moved: (681, 153)
[2025-07-03 14:21:42.735] [info] [WindowsWindow] Mouse moved to (681, 154) in window KnightEngine
[2025-07-03 14:21:42.735] [info] [ApplicationEvent] Event received: MouseMovedEvent: (681.000000, 154.000000)
[2025-07-03 14:21:42.736] [debug] [ImguiLayer] Mouse Moved: (681, 154)
[2025-07-03 14:21:42.758] [info] [WindowsWindow] Mouse moved to (681, 155) in window KnightEngine
[2025-07-03 14:21:42.759] [info] [ApplicationEvent] Event received: MouseMovedEvent: (681.000000, 155.000000)
[2025-07-03 14:21:42.760] [debug] [ImguiLayer] Mouse Moved: (681, 155)
[2025-07-03 14:21:42.772] [info] [WindowsWindow] Mouse moved to (682, 155) in window KnightEngine
[2025-07-03 14:21:42.773] [info] [ApplicationEvent] Event received: MouseMovedEvent: (682.000000, 155.000000)
[2025-07-03 14:21:42.774] [debug] [ImguiLayer] Mouse Moved: (682, 155)
[2025-07-03 14:21:42.776] [info] [WindowsWindow] Mouse moved to (682, 156) in window KnightEngine
[2025-07-03 14:21:42.777] [info] [ApplicationEvent] Event received: MouseMovedEvent: (682.000000, 156.000000)
[2025-07-03 14:21:42.777] [debug] [ImguiLayer] Mouse Moved: (682, 156)
[2025-07-03 14:21:42.780] [info] [WindowsWindow] Mouse moved to (682, 157) in window KnightEngine
[2025-07-03 14:21:42.781] [info] [ApplicationEvent] Event received: MouseMovedEvent: (682.000000, 157.000000)
[2025-07-03 14:21:42.782] [debug] [ImguiLayer] Mouse Moved: (682, 157)
[2025-07-03 14:21:42.789] [info] [WindowsWindow] Mouse moved to (682, 159) in window KnightEngine
[2025-07-03 14:21:42.790] [info] [ApplicationEvent] Event received: MouseMovedEvent: (682.000000, 159.000000)
[2025-07-03 14:21:42.791] [debug] [ImguiLayer] Mouse Moved: (682, 159)
[2025-07-03 14:21:42.795] [info] [WindowsWindow] Mouse moved to (683, 160) in window KnightEngine
[2025-07-03 14:21:42.796] [info] [ApplicationEvent] Event received: MouseMovedEvent: (683.000000, 160.000000)
[2025-07-03 14:21:42.797] [debug] [ImguiLayer] Mouse Moved: (683, 160)
[2025-07-03 14:21:42.809] [info] [WindowsWindow] Mouse moved to (683, 161) in window KnightEngine
[2025-07-03 14:21:42.810] [info] [ApplicationEvent] Event received: MouseMovedEvent: (683.000000, 161.000000)
[2025-07-03 14:21:42.811] [debug] [ImguiLayer] Mouse Moved: (683, 161)
[2025-07-03 14:21:42.815] [info] [WindowsWindow] Mouse moved to (683, 162) in window KnightEngine
[2025-07-03 14:21:42.816] [info] [ApplicationEvent] Event received: MouseMovedEvent: (683.000000, 162.000000)
[2025-07-03 14:21:42.817] [debug] [ImguiLayer] Mouse Moved: (683, 162)
[2025-07-03 14:21:42.826] [info] [WindowsWindow] Mouse moved to (684, 163) in window KnightEngine
[2025-07-03 14:21:42.827] [info] [ApplicationEvent] Event received: MouseMovedEvent: (684.000000, 163.000000)
[2025-07-03 14:21:42.828] [debug] [ImguiLayer] Mouse Moved: (684, 163)
[2025-07-03 14:21:42.830] [info] [WindowsWindow] Mouse moved to (684, 164) in window KnightEngine
[2025-07-03 14:21:42.831] [info] [ApplicationEvent] Event received: MouseMovedEvent: (684.000000, 164.000000)
[2025-07-03 14:21:42.831] [debug] [ImguiLayer] Mouse Moved: (684, 164)
[2025-07-03 14:21:42.834] [info] [WindowsWindow] Mouse moved to (684, 165) in window KnightEngine
[2025-07-03 14:21:42.835] [info] [ApplicationEvent] Event received: MouseMovedEvent: (684.000000, 165.000000)
[2025-07-03 14:21:42.835] [debug] [ImguiLayer] Mouse Moved: (684, 165)
[2025-07-03 14:21:42.847] [info] [WindowsWindow] Mouse moved to (684, 166) in window KnightEngine
[2025-07-03 14:21:42.848] [info] [ApplicationEvent] Event received: MouseMovedEvent: (684.000000, 166.000000)
[2025-07-03 14:21:42.848] [debug] [ImguiLayer] Mouse Moved: (684, 166)
[2025-07-03 14:21:42.863] [info] [WindowsWindow] Mouse moved to (684, 167) in window KnightEngine
[2025-07-03 14:21:42.864] [info] [ApplicationEvent] Event received: MouseMovedEvent: (684.000000, 167.000000)
[2025-07-03 14:21:42.865] [debug] [ImguiLayer] Mouse Moved: (684, 167)
[2025-07-03 14:21:42.875] [info] [WindowsWindow] Mouse moved to (684, 168) in window KnightEngine
[2025-07-03 14:21:42.876] [info] [ApplicationEvent] Event received: MouseMovedEvent: (684.000000, 168.000000)
[2025-07-03 14:21:42.877] [debug] [ImguiLayer] Mouse Moved: (684, 168)
[2025-07-03 14:21:42.883] [info] [WindowsWindow] Mouse moved to (684, 169) in window KnightEngine
[2025-07-03 14:21:42.884] [info] [ApplicationEvent] Event received: MouseMovedEvent: (684.000000, 169.000000)
[2025-07-03 14:21:42.885] [debug] [ImguiLayer] Mouse Moved: (684, 169)
[2025-07-03 14:21:42.909] [info] [WindowsWindow] Mouse moved to (684, 170) in window KnightEngine
[2025-07-03 14:21:42.910] [info] [ApplicationEvent] Event received: MouseMovedEvent: (684.000000, 170.000000)
[2025-07-03 14:21:42.911] [debug] [ImguiLayer] Mouse Moved: (684, 170)
[2025-07-03 14:21:42.934] [info] [WindowsWindow] Mouse moved to (684, 171) in window KnightEngine
[2025-07-03 14:21:42.934] [info] [ApplicationEvent] Event received: MouseMovedEvent: (684.000000, 171.000000)
[2025-07-03 14:21:42.935] [debug] [ImguiLayer] Mouse Moved: (684, 171)
[2025-07-03 14:21:42.951] [info] [WindowsWindow] Mouse moved to (683, 171) in window KnightEngine
[2025-07-03 14:21:42.952] [info] [ApplicationEvent] Event received: MouseMovedEvent: (683.000000, 171.000000)
[2025-07-03 14:21:42.954] [debug] [ImguiLayer] Mouse Moved: (683, 171)
[2025-07-03 14:21:42.990] [info] [WindowsWindow] Mouse moved to (683, 172) in window KnightEngine
[2025-07-03 14:21:42.991] [info] [ApplicationEvent] Event received: MouseMovedEvent: (683.000000, 172.000000)
[2025-07-03 14:21:42.992] [debug] [ImguiLayer] Mouse Moved: (683, 172)
[2025-07-03 14:21:43.003] [info] [WindowsWindow] Mouse moved to (682, 173) in window KnightEngine
[2025-07-03 14:21:43.004] [info] [ApplicationEvent] Event received: MouseMovedEvent: (682.000000, 173.000000)
[2025-07-03 14:21:43.005] [debug] [ImguiLayer] Mouse Moved: (682, 173)
[2025-07-03 14:21:43.006] [info] [WindowsWindow] Mouse moved to (682, 174) in window KnightEngine
[2025-07-03 14:21:43.007] [info] [ApplicationEvent] Event received: MouseMovedEvent: (682.000000, 174.000000)
[2025-07-03 14:21:43.008] [debug] [ImguiLayer] Mouse Moved: (682, 174)
[2025-07-03 14:21:43.011] [info] [WindowsWindow] Mouse moved to (682, 175) in window KnightEngine
[2025-07-03 14:21:43.013] [info] [ApplicationEvent] Event received: MouseMovedEvent: (682.000000, 175.000000)
[2025-07-03 14:21:43.013] [debug] [ImguiLayer] Mouse Moved: (682, 175)
[2025-07-03 14:21:43.017] [info] [WindowsWindow] Mouse moved to (682, 176) in window KnightEngine
[2025-07-03 14:21:43.018] [info] [ApplicationEvent] Event received: MouseMovedEvent: (682.000000, 176.000000)
[2025-07-03 14:21:43.019] [debug] [ImguiLayer] Mouse Moved: (682, 176)
[2025-07-03 14:21:43.024] [info] [WindowsWindow] Mouse moved to (682, 177) in window KnightEngine
[2025-07-03 14:21:43.025] [info] [ApplicationEvent] Event received: MouseMovedEvent: (682.000000, 177.000000)
[2025-07-03 14:21:43.025] [debug] [ImguiLayer] Mouse Moved: (682, 177)
[2025-07-03 14:21:43.026] [info] [WindowsWindow] Mouse moved to (681, 177) in window KnightEngine
[2025-07-03 14:21:43.027] [info] [ApplicationEvent] Event received: MouseMovedEvent: (681.000000, 177.000000)
[2025-07-03 14:21:43.028] [debug] [ImguiLayer] Mouse Moved: (681, 177)
[2025-07-03 14:21:43.034] [info] [WindowsWindow] Mouse moved to (681, 178) in window KnightEngine
[2025-07-03 14:21:43.034] [info] [ApplicationEvent] Event received: MouseMovedEvent: (681.000000, 178.000000)
[2025-07-03 14:21:43.035] [debug] [ImguiLayer] Mouse Moved: (681, 178)
[2025-07-03 14:21:43.043] [info] [WindowsWindow] Mouse moved to (680, 178) in window KnightEngine
[2025-07-03 14:21:43.044] [info] [ApplicationEvent] Event received: MouseMovedEvent: (680.000000, 178.000000)
[2025-07-03 14:21:43.046] [debug] [ImguiLayer] Mouse Moved: (680, 178)
[2025-07-03 14:21:43.050] [info] [WindowsWindow] Mouse moved to (680, 179) in window KnightEngine
[2025-07-03 14:21:43.051] [info] [ApplicationEvent] Event received: MouseMovedEvent: (680.000000, 179.000000)
[2025-07-03 14:21:43.052] [debug] [ImguiLayer] Mouse Moved: (680, 179)
[2025-07-03 14:21:43.059] [info] [WindowsWindow] Mouse moved to (680, 180) in window KnightEngine
[2025-07-03 14:21:43.060] [info] [ApplicationEvent] Event received: MouseMovedEvent: (680.000000, 180.000000)
[2025-07-03 14:21:43.061] [debug] [ImguiLayer] Mouse Moved: (680, 180)
[2025-07-03 14:21:43.169] [info] [WindowsWindow] Mouse moved to (679, 180) in window KnightEngine
[2025-07-03 14:21:43.170] [info] [ApplicationEvent] Event received: MouseMovedEvent: (679.000000, 180.000000)
[2025-07-03 14:21:43.172] [debug] [ImguiLayer] Mouse Moved: (679, 180)
[2025-07-03 14:21:43.299] [info] [WindowsWindow] Mouse moved to (679, 179) in window KnightEngine
[2025-07-03 14:21:43.299] [info] [ApplicationEvent] Event received: MouseMovedEvent: (679.000000, 179.000000)
[2025-07-03 14:21:43.300] [debug] [ImguiLayer] Mouse Moved: (679, 179)
[2025-07-03 14:21:43.300] [info] [WindowsWindow] Mouse moved to (679, 178) in window KnightEngine
[2025-07-03 14:21:43.300] [info] [ApplicationEvent] Event received: MouseMovedEvent: (679.000000, 178.000000)
[2025-07-03 14:21:43.301] [debug] [ImguiLayer] Mouse Moved: (679, 178)
[2025-07-03 14:21:43.309] [info] [WindowsWindow] Mouse moved to (679, 176) in window KnightEngine
[2025-07-03 14:21:43.309] [info] [ApplicationEvent] Event received: MouseMovedEvent: (679.000000, 176.000000)
[2025-07-03 14:21:43.310] [debug] [ImguiLayer] Mouse Moved: (679, 176)
[2025-07-03 14:21:43.313] [info] [WindowsWindow] Mouse moved to (679, 175) in window KnightEngine
[2025-07-03 14:21:43.313] [info] [ApplicationEvent] Event received: MouseMovedEvent: (679.000000, 175.000000)
[2025-07-03 14:21:43.314] [debug] [ImguiLayer] Mouse Moved: (679, 175)
[2025-07-03 14:21:43.317] [info] [WindowsWindow] Mouse moved to (679, 173) in window KnightEngine
[2025-07-03 14:21:43.317] [info] [ApplicationEvent] Event received: MouseMovedEvent: (679.000000, 173.000000)
[2025-07-03 14:21:43.318] [debug] [ImguiLayer] Mouse Moved: (679, 173)
[2025-07-03 14:21:43.321] [info] [WindowsWindow] Mouse moved to (679, 172) in window KnightEngine
[2025-07-03 14:21:43.322] [info] [ApplicationEvent] Event received: MouseMovedEvent: (679.000000, 172.000000)
[2025-07-03 14:21:43.322] [debug] [ImguiLayer] Mouse Moved: (679, 172)
[2025-07-03 14:21:43.326] [info] [WindowsWindow] Mouse moved to (679, 171) in window KnightEngine
[2025-07-03 14:21:43.326] [info] [ApplicationEvent] Event received: MouseMovedEvent: (679.000000, 171.000000)
[2025-07-03 14:21:43.327] [debug] [ImguiLayer] Mouse Moved: (679, 171)
[2025-07-03 14:21:43.330] [info] [WindowsWindow] Mouse moved to (679, 169) in window KnightEngine
[2025-07-03 14:21:43.330] [info] [ApplicationEvent] Event received: MouseMovedEvent: (679.000000, 169.000000)
[2025-07-03 14:21:43.331] [debug] [ImguiLayer] Mouse Moved: (679, 169)
[2025-07-03 14:21:43.334] [info] [WindowsWindow] Mouse moved to (679, 167) in window KnightEngine
[2025-07-03 14:21:43.334] [info] [ApplicationEvent] Event received: MouseMovedEvent: (679.000000, 167.000000)
[2025-07-03 14:21:43.335] [debug] [ImguiLayer] Mouse Moved: (679, 167)
[2025-07-03 14:21:43.338] [info] [WindowsWindow] Mouse moved to (678, 165) in window KnightEngine
[2025-07-03 14:21:43.339] [info] [ApplicationEvent] Event received: MouseMovedEvent: (678.000000, 165.000000)
[2025-07-03 14:21:43.339] [debug] [ImguiLayer] Mouse Moved: (678, 165)
[2025-07-03 14:21:43.343] [info] [WindowsWindow] Mouse moved to (678, 162) in window KnightEngine
[2025-07-03 14:21:43.343] [info] [ApplicationEvent] Event received: MouseMovedEvent: (678.000000, 162.000000)
[2025-07-03 14:21:43.344] [debug] [ImguiLayer] Mouse Moved: (678, 162)
[2025-07-03 14:21:43.346] [info] [WindowsWindow] Mouse moved to (677, 161) in window KnightEngine
[2025-07-03 14:21:43.347] [info] [ApplicationEvent] Event received: MouseMovedEvent: (677.000000, 161.000000)
[2025-07-03 14:21:43.347] [debug] [ImguiLayer] Mouse Moved: (677, 161)
[2025-07-03 14:21:43.350] [info] [WindowsWindow] Mouse moved to (677, 158) in window KnightEngine
[2025-07-03 14:21:43.351] [info] [ApplicationEvent] Event received: MouseMovedEvent: (677.000000, 158.000000)
[2025-07-03 14:21:43.351] [debug] [ImguiLayer] Mouse Moved: (677, 158)
[2025-07-03 14:21:43.356] [info] [WindowsWindow] Mouse moved to (677, 155) in window KnightEngine
[2025-07-03 14:21:43.356] [info] [ApplicationEvent] Event received: MouseMovedEvent: (677.000000, 155.000000)
[2025-07-03 14:21:43.357] [debug] [ImguiLayer] Mouse Moved: (677, 155)
[2025-07-03 14:21:43.357] [info] [WindowsWindow] Mouse moved to (676, 155) in window KnightEngine
[2025-07-03 14:21:43.358] [info] [ApplicationEvent] Event received: MouseMovedEvent: (676.000000, 155.000000)
[2025-07-03 14:21:43.358] [debug] [ImguiLayer] Mouse Moved: (676, 155)
[2025-07-03 14:21:43.360] [info] [WindowsWindow] Mouse moved to (676, 152) in window KnightEngine
[2025-07-03 14:21:43.361] [info] [ApplicationEvent] Event received: MouseMovedEvent: (676.000000, 152.000000)
[2025-07-03 14:21:43.361] [debug] [ImguiLayer] Mouse Moved: (676, 152)
[2025-07-03 14:21:43.367] [info] [WindowsWindow] Mouse moved to (676, 149) in window KnightEngine
[2025-07-03 14:21:43.368] [info] [ApplicationEvent] Event received: MouseMovedEvent: (676.000000, 149.000000)
[2025-07-03 14:21:43.368] [debug] [ImguiLayer] Mouse Moved: (676, 149)
[2025-07-03 14:21:43.373] [info] [WindowsWindow] Mouse moved to (676, 146) in window KnightEngine
[2025-07-03 14:21:43.373] [info] [ApplicationEvent] Event received: MouseMovedEvent: (676.000000, 146.000000)
[2025-07-03 14:21:43.373] [debug] [ImguiLayer] Mouse Moved: (676, 146)
[2025-07-03 14:21:43.374] [info] [WindowsWindow] Mouse moved to (675, 146) in window KnightEngine
[2025-07-03 14:21:43.374] [info] [ApplicationEvent] Event received: MouseMovedEvent: (675.000000, 146.000000)
[2025-07-03 14:21:43.375] [debug] [ImguiLayer] Mouse Moved: (675, 146)
[2025-07-03 14:21:43.376] [info] [WindowsWindow] Mouse moved to (675, 144) in window KnightEngine
[2025-07-03 14:21:43.377] [info] [ApplicationEvent] Event received: MouseMovedEvent: (675.000000, 144.000000)
[2025-07-03 14:21:43.377] [debug] [ImguiLayer] Mouse Moved: (675, 144)
[2025-07-03 14:21:43.384] [info] [WindowsWindow] Mouse moved to (675, 141) in window KnightEngine
[2025-07-03 14:21:43.384] [info] [ApplicationEvent] Event received: MouseMovedEvent: (675.000000, 141.000000)
[2025-07-03 14:21:43.384] [debug] [ImguiLayer] Mouse Moved: (675, 141)
[2025-07-03 14:21:43.387] [info] [WindowsWindow] Mouse moved to (674, 139) in window KnightEngine
[2025-07-03 14:21:43.388] [info] [ApplicationEvent] Event received: MouseMovedEvent: (674.000000, 139.000000)
[2025-07-03 14:21:43.388] [debug] [ImguiLayer] Mouse Moved: (674, 139)
[2025-07-03 14:21:43.392] [info] [WindowsWindow] Mouse moved to (674, 138) in window KnightEngine
[2025-07-03 14:21:43.392] [info] [ApplicationEvent] Event received: MouseMovedEvent: (674.000000, 138.000000)
[2025-07-03 14:21:43.392] [debug] [ImguiLayer] Mouse Moved: (674, 138)
[2025-07-03 14:21:43.401] [info] [WindowsWindow] Mouse moved to (673, 136) in window KnightEngine
[2025-07-03 14:21:43.401] [info] [ApplicationEvent] Event received: MouseMovedEvent: (673.000000, 136.000000)
[2025-07-03 14:21:43.402] [debug] [ImguiLayer] Mouse Moved: (673, 136)
[2025-07-03 14:21:43.402] [info] [WindowsWindow] Mouse moved to (673, 135) in window KnightEngine
[2025-07-03 14:21:43.403] [info] [ApplicationEvent] Event received: MouseMovedEvent: (673.000000, 135.000000)
[2025-07-03 14:21:43.403] [debug] [ImguiLayer] Mouse Moved: (673, 135)
[2025-07-03 14:21:43.406] [info] [WindowsWindow] Mouse moved to (673, 134) in window KnightEngine
[2025-07-03 14:21:43.407] [info] [ApplicationEvent] Event received: MouseMovedEvent: (673.000000, 134.000000)
[2025-07-03 14:21:43.407] [debug] [ImguiLayer] Mouse Moved: (673, 134)
[2025-07-03 14:21:43.407] [info] [WindowsWindow] Mouse moved to (673, 133) in window KnightEngine
[2025-07-03 14:21:43.408] [info] [ApplicationEvent] Event received: MouseMovedEvent: (673.000000, 133.000000)
[2025-07-03 14:21:43.408] [debug] [ImguiLayer] Mouse Moved: (673, 133)
[2025-07-03 14:21:43.410] [info] [WindowsWindow] Mouse moved to (673, 132) in window KnightEngine
[2025-07-03 14:21:43.410] [info] [ApplicationEvent] Event received: MouseMovedEvent: (673.000000, 132.000000)
[2025-07-03 14:21:43.411] [debug] [ImguiLayer] Mouse Moved: (673, 132)
[2025-07-03 14:21:43.418] [info] [WindowsWindow] Mouse moved to (673, 131) in window KnightEngine
[2025-07-03 14:21:43.418] [info] [ApplicationEvent] Event received: MouseMovedEvent: (673.000000, 131.000000)
[2025-07-03 14:21:43.419] [debug] [ImguiLayer] Mouse Moved: (673, 131)
[2025-07-03 14:21:43.419] [info] [WindowsWindow] Mouse moved to (673, 130) in window KnightEngine
[2025-07-03 14:21:43.420] [info] [ApplicationEvent] Event received: MouseMovedEvent: (673.000000, 130.000000)
[2025-07-03 14:21:43.420] [debug] [ImguiLayer] Mouse Moved: (673, 130)
[2025-07-03 14:21:43.420] [info] [WindowsWindow] Mouse moved to (673, 129) in window KnightEngine
[2025-07-03 14:21:43.420] [info] [ApplicationEvent] Event received: MouseMovedEvent: (673.000000, 129.000000)
[2025-07-03 14:21:43.420] [debug] [ImguiLayer] Mouse Moved: (673, 129)
[2025-07-03 14:21:43.421] [info] [WindowsWindow] Mouse moved to (673, 128) in window KnightEngine
[2025-07-03 14:21:43.421] [info] [ApplicationEvent] Event received: MouseMovedEvent: (673.000000, 128.000000)
[2025-07-03 14:21:43.421] [debug] [ImguiLayer] Mouse Moved: (673, 128)
[2025-07-03 14:21:43.422] [info] [WindowsWindow] Mouse moved to (673, 126) in window KnightEngine
[2025-07-03 14:21:43.423] [info] [ApplicationEvent] Event received: MouseMovedEvent: (673.000000, 126.000000)
[2025-07-03 14:21:43.423] [debug] [ImguiLayer] Mouse Moved: (673, 126)
[2025-07-03 14:21:43.429] [info] [WindowsWindow] Mouse moved to (673, 124) in window KnightEngine
[2025-07-03 14:21:43.429] [info] [ApplicationEvent] Event received: MouseMovedEvent: (673.000000, 124.000000)
[2025-07-03 14:21:43.429] [debug] [ImguiLayer] Mouse Moved: (673, 124)
[2025-07-03 14:21:43.433] [info] [WindowsWindow] Mouse moved to (673, 122) in window KnightEngine
[2025-07-03 14:21:43.433] [info] [ApplicationEvent] Event received: MouseMovedEvent: (673.000000, 122.000000)
[2025-07-03 14:21:43.434] [debug] [ImguiLayer] Mouse Moved: (673, 122)
[2025-07-03 14:21:43.437] [info] [WindowsWindow] Mouse moved to (673, 121) in window KnightEngine
[2025-07-03 14:21:43.437] [info] [ApplicationEvent] Event received: MouseMovedEvent: (673.000000, 121.000000)
[2025-07-03 14:21:43.438] [debug] [ImguiLayer] Mouse Moved: (673, 121)
[2025-07-03 14:21:43.442] [info] [WindowsWindow] Mouse moved to (673, 120) in window KnightEngine
[2025-07-03 14:21:43.442] [info] [ApplicationEvent] Event received: MouseMovedEvent: (673.000000, 120.000000)
[2025-07-03 14:21:43.442] [debug] [ImguiLayer] Mouse Moved: (673, 120)
[2025-07-03 14:21:43.446] [info] [WindowsWindow] Mouse moved to (673, 119) in window KnightEngine
[2025-07-03 14:21:43.446] [info] [ApplicationEvent] Event received: MouseMovedEvent: (673.000000, 119.000000)
[2025-07-03 14:21:43.447] [debug] [ImguiLayer] Mouse Moved: (673, 119)
[2025-07-03 14:21:43.450] [info] [WindowsWindow] Mouse moved to (673, 118) in window KnightEngine
[2025-07-03 14:21:43.450] [info] [ApplicationEvent] Event received: MouseMovedEvent: (673.000000, 118.000000)
[2025-07-03 14:21:43.451] [debug] [ImguiLayer] Mouse Moved: (673, 118)
[2025-07-03 14:21:43.454] [info] [WindowsWindow] Mouse moved to (673, 117) in window KnightEngine
[2025-07-03 14:21:43.455] [info] [ApplicationEvent] Event received: MouseMovedEvent: (673.000000, 117.000000)
[2025-07-03 14:21:43.455] [debug] [ImguiLayer] Mouse Moved: (673, 117)
[2025-07-03 14:21:43.458] [info] [WindowsWindow] Mouse moved to (673, 116) in window KnightEngine
[2025-07-03 14:21:43.459] [info] [ApplicationEvent] Event received: MouseMovedEvent: (673.000000, 116.000000)
[2025-07-03 14:21:43.459] [debug] [ImguiLayer] Mouse Moved: (673, 116)
[2025-07-03 14:21:43.462] [info] [WindowsWindow] Mouse moved to (673, 115) in window KnightEngine
[2025-07-03 14:21:43.463] [info] [ApplicationEvent] Event received: MouseMovedEvent: (673.000000, 115.000000)
[2025-07-03 14:21:43.463] [debug] [ImguiLayer] Mouse Moved: (673, 115)
[2025-07-03 14:21:43.467] [info] [WindowsWindow] Mouse moved to (673, 114) in window KnightEngine
[2025-07-03 14:21:43.467] [info] [ApplicationEvent] Event received: MouseMovedEvent: (673.000000, 114.000000)
[2025-07-03 14:21:43.468] [debug] [ImguiLayer] Mouse Moved: (673, 114)
[2025-07-03 14:21:43.475] [info] [WindowsWindow] Mouse moved to (673, 113) in window KnightEngine
[2025-07-03 14:21:43.475] [info] [ApplicationEvent] Event received: MouseMovedEvent: (673.000000, 113.000000)
[2025-07-03 14:21:43.476] [debug] [ImguiLayer] Mouse Moved: (673, 113)
[2025-07-03 14:21:43.479] [info] [WindowsWindow] Mouse moved to (673, 112) in window KnightEngine
[2025-07-03 14:21:43.479] [info] [ApplicationEvent] Event received: MouseMovedEvent: (673.000000, 112.000000)
[2025-07-03 14:21:43.480] [debug] [ImguiLayer] Mouse Moved: (673, 112)
[2025-07-03 14:21:43.484] [info] [WindowsWindow] Mouse moved to (673, 111) in window KnightEngine
[2025-07-03 14:21:43.484] [info] [ApplicationEvent] Event received: MouseMovedEvent: (673.000000, 111.000000)
[2025-07-03 14:21:43.485] [debug] [ImguiLayer] Mouse Moved: (673, 111)
[2025-07-03 14:21:43.488] [info] [WindowsWindow] Mouse moved to (673, 110) in window KnightEngine
[2025-07-03 14:21:43.489] [info] [ApplicationEvent] Event received: MouseMovedEvent: (673.000000, 110.000000)
[2025-07-03 14:21:43.489] [debug] [ImguiLayer] Mouse Moved: (673, 110)
[2025-07-03 14:21:43.492] [info] [WindowsWindow] Mouse moved to (673, 109) in window KnightEngine
[2025-07-03 14:21:43.492] [info] [ApplicationEvent] Event received: MouseMovedEvent: (673.000000, 109.000000)
[2025-07-03 14:21:43.493] [debug] [ImguiLayer] Mouse Moved: (673, 109)
[2025-07-03 14:21:43.500] [info] [WindowsWindow] Mouse moved to (673, 108) in window KnightEngine
[2025-07-03 14:21:43.501] [info] [ApplicationEvent] Event received: MouseMovedEvent: (673.000000, 108.000000)
[2025-07-03 14:21:43.501] [debug] [ImguiLayer] Mouse Moved: (673, 108)
[2025-07-03 14:21:43.516] [info] [WindowsWindow] Mouse moved to (673, 107) in window KnightEngine
[2025-07-03 14:21:43.517] [info] [ApplicationEvent] Event received: MouseMovedEvent: (673.000000, 107.000000)
[2025-07-03 14:21:43.518] [debug] [ImguiLayer] Mouse Moved: (673, 107)
[2025-07-03 14:21:43.525] [info] [WindowsWindow] Mouse moved to (673, 106) in window KnightEngine
[2025-07-03 14:21:43.526] [info] [ApplicationEvent] Event received: MouseMovedEvent: (673.000000, 106.000000)
[2025-07-03 14:21:43.527] [debug] [ImguiLayer] Mouse Moved: (673, 106)
[2025-07-03 14:21:43.530] [info] [WindowsWindow] Mouse moved to (673, 105) in window KnightEngine
[2025-07-03 14:21:43.530] [info] [ApplicationEvent] Event received: MouseMovedEvent: (673.000000, 105.000000)
[2025-07-03 14:21:43.531] [debug] [ImguiLayer] Mouse Moved: (673, 105)
[2025-07-03 14:21:43.537] [info] [WindowsWindow] Mouse moved to (672, 104) in window KnightEngine
[2025-07-03 14:21:43.538] [info] [ApplicationEvent] Event received: MouseMovedEvent: (672.000000, 104.000000)
[2025-07-03 14:21:43.538] [debug] [ImguiLayer] Mouse Moved: (672, 104)
[2025-07-03 14:21:43.671] [info] [WindowsWindow] Mouse moved to (671, 105) in window KnightEngine
[2025-07-03 14:21:43.672] [info] [ApplicationEvent] Event received: MouseMovedEvent: (671.000000, 105.000000)
[2025-07-03 14:21:43.673] [debug] [ImguiLayer] Mouse Moved: (671, 105)
[2025-07-03 14:21:43.684] [info] [WindowsWindow] Mouse moved to (671, 106) in window KnightEngine
[2025-07-03 14:21:43.684] [info] [ApplicationEvent] Event received: MouseMovedEvent: (671.000000, 106.000000)
[2025-07-03 14:21:43.684] [debug] [ImguiLayer] Mouse Moved: (671, 106)
[2025-07-03 14:21:43.688] [info] [WindowsWindow] Mouse moved to (670, 106) in window KnightEngine
[2025-07-03 14:21:43.688] [info] [ApplicationEvent] Event received: MouseMovedEvent: (670.000000, 106.000000)
[2025-07-03 14:21:43.688] [debug] [ImguiLayer] Mouse Moved: (670, 106)
[2025-07-03 14:21:43.696] [info] [WindowsWindow] Mouse moved to (670, 107) in window KnightEngine
[2025-07-03 14:21:43.697] [info] [ApplicationEvent] Event received: MouseMovedEvent: (670.000000, 107.000000)
[2025-07-03 14:21:43.697] [debug] [ImguiLayer] Mouse Moved: (670, 107)
[2025-07-03 14:21:43.710] [info] [WindowsWindow] Mouse moved to (670, 108) in window KnightEngine
[2025-07-03 14:21:43.711] [info] [ApplicationEvent] Event received: MouseMovedEvent: (670.000000, 108.000000)
[2025-07-03 14:21:43.712] [debug] [ImguiLayer] Mouse Moved: (670, 108)
[2025-07-03 14:21:43.715] [info] [WindowsWindow] Mouse moved to (670, 109) in window KnightEngine
[2025-07-03 14:21:43.715] [info] [ApplicationEvent] Event received: MouseMovedEvent: (670.000000, 109.000000)
[2025-07-03 14:21:43.716] [debug] [ImguiLayer] Mouse Moved: (670, 109)
[2025-07-03 14:21:43.717] [info] [WindowsWindow] Mouse moved to (669, 109) in window KnightEngine
[2025-07-03 14:21:43.717] [info] [ApplicationEvent] Event received: MouseMovedEvent: (669.000000, 109.000000)
[2025-07-03 14:21:43.717] [debug] [ImguiLayer] Mouse Moved: (669, 109)
[2025-07-03 14:21:43.719] [info] [WindowsWindow] Mouse moved to (669, 110) in window KnightEngine
[2025-07-03 14:21:43.719] [info] [ApplicationEvent] Event received: MouseMovedEvent: (669.000000, 110.000000)
[2025-07-03 14:21:43.720] [debug] [ImguiLayer] Mouse Moved: (669, 110)
[2025-07-03 14:21:43.725] [info] [WindowsWindow] Mouse moved to (668, 111) in window KnightEngine
[2025-07-03 14:21:43.726] [info] [ApplicationEvent] Event received: MouseMovedEvent: (668.000000, 111.000000)
[2025-07-03 14:21:43.726] [debug] [ImguiLayer] Mouse Moved: (668, 111)
[2025-07-03 14:21:43.729] [info] [WindowsWindow] Mouse moved to (668, 112) in window KnightEngine
[2025-07-03 14:21:43.730] [info] [ApplicationEvent] Event received: MouseMovedEvent: (668.000000, 112.000000)
[2025-07-03 14:21:43.730] [debug] [ImguiLayer] Mouse Moved: (668, 112)
[2025-07-03 14:21:43.735] [info] [WindowsWindow] Mouse moved to (667, 112) in window KnightEngine
[2025-07-03 14:21:43.735] [info] [ApplicationEvent] Event received: MouseMovedEvent: (667.000000, 112.000000)
[2025-07-03 14:21:43.736] [debug] [ImguiLayer] Mouse Moved: (667, 112)
[2025-07-03 14:21:43.736] [info] [WindowsWindow] Mouse moved to (667, 113) in window KnightEngine
[2025-07-03 14:21:43.736] [info] [ApplicationEvent] Event received: MouseMovedEvent: (667.000000, 113.000000)
[2025-07-03 14:21:43.737] [debug] [ImguiLayer] Mouse Moved: (667, 113)
[2025-07-03 14:21:43.747] [info] [WindowsWindow] Mouse moved to (666, 113) in window KnightEngine
[2025-07-03 14:21:43.747] [info] [ApplicationEvent] Event received: MouseMovedEvent: (666.000000, 113.000000)
[2025-07-03 14:21:43.748] [debug] [ImguiLayer] Mouse Moved: (666, 113)
[2025-07-03 14:21:43.750] [info] [WindowsWindow] Mouse moved to (666, 114) in window KnightEngine
[2025-07-03 14:21:43.752] [info] [ApplicationEvent] Event received: MouseMovedEvent: (666.000000, 114.000000)
[2025-07-03 14:21:43.753] [debug] [ImguiLayer] Mouse Moved: (666, 114)
[2025-07-03 14:21:43.876] [debug] [WindowsWindow] Mouse button event in window KnightEngine
[2025-07-03 14:21:43.877] [info] [ApplicationEvent] Event received: MouseButtonPressedEvent: 1
[2025-07-03 14:21:43.877] [debug] [ImguiLayer] Mouse Button Pressed: 1
[2025-07-03 14:21:43.983] [debug] [WindowsWindow] Mouse button event in window KnightEngine
[2025-07-03 14:21:43.983] [info] [ApplicationEvent] Event received: MouseButtonReleasedEvent: 1
[2025-07-03 14:21:43.984] [debug] [ImguiLayer] Mouse Button Released: 1
[2025-07-03 14:21:44.137] [info] [WindowsWindow] Mouse moved to (666, 113) in window KnightEngine
[2025-07-03 14:21:44.138] [info] [ApplicationEvent] Event received: MouseMovedEvent: (666.000000, 113.000000)
[2025-07-03 14:21:44.139] [debug] [ImguiLayer] Mouse Moved: (666, 113)
[2025-07-03 14:21:44.142] [info] [WindowsWindow] Mouse moved to (666, 112) in window KnightEngine
[2025-07-03 14:21:44.143] [info] [ApplicationEvent] Event received: MouseMovedEvent: (666.000000, 112.000000)
[2025-07-03 14:21:44.143] [debug] [ImguiLayer] Mouse Moved: (666, 112)
[2025-07-03 14:21:44.146] [info] [WindowsWindow] Mouse moved to (666, 111) in window KnightEngine
[2025-07-03 14:21:44.147] [info] [ApplicationEvent] Event received: MouseMovedEvent: (666.000000, 111.000000)
[2025-07-03 14:21:44.147] [debug] [ImguiLayer] Mouse Moved: (666, 111)
[2025-07-03 14:21:44.152] [info] [WindowsWindow] Mouse moved to (666, 110) in window KnightEngine
[2025-07-03 14:21:44.153] [info] [ApplicationEvent] Event received: MouseMovedEvent: (666.000000, 110.000000)
[2025-07-03 14:21:44.153] [debug] [ImguiLayer] Mouse Moved: (666, 110)
[2025-07-03 14:21:44.155] [info] [WindowsWindow] Mouse moved to (666, 109) in window KnightEngine
[2025-07-03 14:21:44.156] [info] [ApplicationEvent] Event received: MouseMovedEvent: (666.000000, 109.000000)
[2025-07-03 14:21:44.156] [debug] [ImguiLayer] Mouse Moved: (666, 109)
[2025-07-03 14:21:44.164] [info] [WindowsWindow] Mouse moved to (666, 108) in window KnightEngine
[2025-07-03 14:21:44.164] [info] [ApplicationEvent] Event received: MouseMovedEvent: (666.000000, 108.000000)
[2025-07-03 14:21:44.165] [debug] [ImguiLayer] Mouse Moved: (666, 108)
[2025-07-03 14:21:44.176] [info] [WindowsWindow] Mouse moved to (666, 107) in window KnightEngine
[2025-07-03 14:21:44.176] [info] [ApplicationEvent] Event received: MouseMovedEvent: (666.000000, 107.000000)
[2025-07-03 14:21:44.177] [debug] [ImguiLayer] Mouse Moved: (666, 107)
[2025-07-03 14:21:44.180] [info] [WindowsWindow] Mouse moved to (666, 106) in window KnightEngine
[2025-07-03 14:21:44.181] [info] [ApplicationEvent] Event received: MouseMovedEvent: (666.000000, 106.000000)
[2025-07-03 14:21:44.181] [debug] [ImguiLayer] Mouse Moved: (666, 106)
[2025-07-03 14:21:44.188] [info] [WindowsWindow] Mouse moved to (666, 105) in window KnightEngine
[2025-07-03 14:21:44.189] [info] [ApplicationEvent] Event received: MouseMovedEvent: (666.000000, 105.000000)
[2025-07-03 14:21:44.189] [debug] [ImguiLayer] Mouse Moved: (666, 105)
[2025-07-03 14:21:44.196] [info] [WindowsWindow] Mouse moved to (666, 104) in window KnightEngine
[2025-07-03 14:21:44.197] [info] [ApplicationEvent] Event received: MouseMovedEvent: (666.000000, 104.000000)
[2025-07-03 14:21:44.197] [debug] [ImguiLayer] Mouse Moved: (666, 104)
[2025-07-03 14:21:44.206] [info] [WindowsWindow] Mouse moved to (666, 103) in window KnightEngine
[2025-07-03 14:21:44.206] [info] [ApplicationEvent] Event received: MouseMovedEvent: (666.000000, 103.000000)
[2025-07-03 14:21:44.207] [debug] [ImguiLayer] Mouse Moved: (666, 103)
[2025-07-03 14:21:44.276] [info] [WindowsWindow] Mouse moved to (666, 102) in window KnightEngine
[2025-07-03 14:21:44.277] [info] [ApplicationEvent] Event received: MouseMovedEvent: (666.000000, 102.000000)
[2025-07-03 14:21:44.277] [debug] [ImguiLayer] Mouse Moved: (666, 102)
[2025-07-03 14:21:44.330] [info] [WindowsWindow] Mouse moved to (666, 101) in window KnightEngine
[2025-07-03 14:21:44.330] [info] [ApplicationEvent] Event received: MouseMovedEvent: (666.000000, 101.000000)
[2025-07-03 14:21:44.331] [debug] [ImguiLayer] Mouse Moved: (666, 101)
[2025-07-03 14:21:44.456] [debug] [WindowsWindow] Mouse button event in window KnightEngine
[2025-07-03 14:21:44.457] [info] [ApplicationEvent] Event received: MouseButtonPressedEvent: 1
[2025-07-03 14:21:44.457] [debug] [ImguiLayer] Mouse Button Pressed: 1
[2025-07-03 14:21:44.562] [debug] [WindowsWindow] Mouse button event in window KnightEngine
[2025-07-03 14:21:44.563] [info] [ApplicationEvent] Event received: MouseButtonReleasedEvent: 1
[2025-07-03 14:21:44.563] [debug] [ImguiLayer] Mouse Button Released: 1
[2025-07-03 14:21:44.678] [info] [WindowsWindow] Mouse moved to (666, 102) in window KnightEngine
[2025-07-03 14:21:44.679] [info] [ApplicationEvent] Event received: MouseMovedEvent: (666.000000, 102.000000)
[2025-07-03 14:21:44.679] [debug] [ImguiLayer] Mouse Moved: (666, 102)
[2025-07-03 14:21:44.693] [info] [WindowsWindow] Mouse moved to (666, 103) in window KnightEngine
[2025-07-03 14:21:44.694] [info] [ApplicationEvent] Event received: MouseMovedEvent: (666.000000, 103.000000)
[2025-07-03 14:21:44.694] [debug] [ImguiLayer] Mouse Moved: (666, 103)
[2025-07-03 14:21:44.694] [info] [WindowsWindow] Mouse moved to (666, 104) in window KnightEngine
[2025-07-03 14:21:44.695] [info] [ApplicationEvent] Event received: MouseMovedEvent: (666.000000, 104.000000)
[2025-07-03 14:21:44.695] [debug] [ImguiLayer] Mouse Moved: (666, 104)
[2025-07-03 14:21:44.698] [info] [WindowsWindow] Mouse moved to (666, 105) in window KnightEngine
[2025-07-03 14:21:44.698] [info] [ApplicationEvent] Event received: MouseMovedEvent: (666.000000, 105.000000)
[2025-07-03 14:21:44.698] [debug] [ImguiLayer] Mouse Moved: (666, 105)
[2025-07-03 14:21:44.699] [info] [WindowsWindow] Mouse moved to (666, 106) in window KnightEngine
[2025-07-03 14:21:44.699] [info] [ApplicationEvent] Event received: MouseMovedEvent: (666.000000, 106.000000)
[2025-07-03 14:21:44.700] [debug] [ImguiLayer] Mouse Moved: (666, 106)
[2025-07-03 14:21:44.704] [info] [WindowsWindow] Mouse moved to (667, 107) in window KnightEngine
[2025-07-03 14:21:44.705] [info] [ApplicationEvent] Event received: MouseMovedEvent: (667.000000, 107.000000)
[2025-07-03 14:21:44.705] [debug] [ImguiLayer] Mouse Moved: (667, 107)
[2025-07-03 14:21:44.705] [info] [WindowsWindow] Mouse moved to (667, 108) in window KnightEngine
[2025-07-03 14:21:44.706] [info] [ApplicationEvent] Event received: MouseMovedEvent: (667.000000, 108.000000)
[2025-07-03 14:21:44.706] [debug] [ImguiLayer] Mouse Moved: (667, 108)
[2025-07-03 14:21:44.706] [info] [WindowsWindow] Mouse moved to (667, 109) in window KnightEngine
[2025-07-03 14:21:44.707] [info] [ApplicationEvent] Event received: MouseMovedEvent: (667.000000, 109.000000)
[2025-07-03 14:21:44.707] [debug] [ImguiLayer] Mouse Moved: (667, 109)
[2025-07-03 14:21:44.709] [info] [WindowsWindow] Mouse moved to (668, 113) in window KnightEngine
[2025-07-03 14:21:44.709] [info] [ApplicationEvent] Event received: MouseMovedEvent: (668.000000, 113.000000)
[2025-07-03 14:21:44.710] [debug] [ImguiLayer] Mouse Moved: (668, 113)
[2025-07-03 14:21:44.712] [info] [WindowsWindow] Mouse moved to (668, 116) in window KnightEngine
[2025-07-03 14:21:44.713] [info] [ApplicationEvent] Event received: MouseMovedEvent: (668.000000, 116.000000)
[2025-07-03 14:21:44.713] [debug] [ImguiLayer] Mouse Moved: (668, 116)
[2025-07-03 14:21:44.718] [info] [WindowsWindow] Mouse moved to (669, 120) in window KnightEngine
[2025-07-03 14:21:44.718] [info] [ApplicationEvent] Event received: MouseMovedEvent: (669.000000, 120.000000)
[2025-07-03 14:21:44.719] [debug] [ImguiLayer] Mouse Moved: (669, 120)
[2025-07-03 14:21:44.719] [info] [WindowsWindow] Mouse moved to (669, 121) in window KnightEngine
[2025-07-03 14:21:44.719] [info] [ApplicationEvent] Event received: MouseMovedEvent: (669.000000, 121.000000)
[2025-07-03 14:21:44.720] [debug] [ImguiLayer] Mouse Moved: (669, 121)
[2025-07-03 14:21:44.720] [info] [WindowsWindow] Mouse moved to (669, 122) in window KnightEngine
[2025-07-03 14:21:44.720] [info] [ApplicationEvent] Event received: MouseMovedEvent: (669.000000, 122.000000)
[2025-07-03 14:21:44.720] [debug] [ImguiLayer] Mouse Moved: (669, 122)
[2025-07-03 14:21:44.722] [info] [WindowsWindow] Mouse moved to (670, 129) in window KnightEngine
[2025-07-03 14:21:44.722] [info] [ApplicationEvent] Event received: MouseMovedEvent: (670.000000, 129.000000)
[2025-07-03 14:21:44.723] [debug] [ImguiLayer] Mouse Moved: (670, 129)
[2025-07-03 14:21:44.726] [info] [WindowsWindow] Mouse moved to (670, 131) in window KnightEngine
[2025-07-03 14:21:44.726] [info] [ApplicationEvent] Event received: MouseMovedEvent: (670.000000, 131.000000)
[2025-07-03 14:21:44.727] [debug] [ImguiLayer] Mouse Moved: (670, 131)
[2025-07-03 14:21:44.727] [info] [WindowsWindow] Mouse moved to (670, 133) in window KnightEngine
[2025-07-03 14:21:44.728] [info] [ApplicationEvent] Event received: MouseMovedEvent: (670.000000, 133.000000)
[2025-07-03 14:21:44.728] [debug] [ImguiLayer] Mouse Moved: (670, 133)
[2025-07-03 14:21:44.728] [info] [WindowsWindow] Mouse moved to (670, 135) in window KnightEngine
[2025-07-03 14:21:44.729] [info] [ApplicationEvent] Event received: MouseMovedEvent: (670.000000, 135.000000)
[2025-07-03 14:21:44.729] [debug] [ImguiLayer] Mouse Moved: (670, 135)
[2025-07-03 14:21:44.733] [info] [WindowsWindow] Mouse moved to (671, 140) in window KnightEngine
[2025-07-03 14:21:44.733] [info] [ApplicationEvent] Event received: MouseMovedEvent: (671.000000, 140.000000)
[2025-07-03 14:21:44.733] [debug] [ImguiLayer] Mouse Moved: (671, 140)
[2025-07-03 14:21:44.734] [info] [WindowsWindow] Mouse moved to (671, 144) in window KnightEngine
[2025-07-03 14:21:44.734] [info] [ApplicationEvent] Event received: MouseMovedEvent: (671.000000, 144.000000)
[2025-07-03 14:21:44.734] [debug] [ImguiLayer] Mouse Moved: (671, 144)
[2025-07-03 14:21:44.735] [info] [WindowsWindow] Mouse moved to (672, 146) in window KnightEngine
[2025-07-03 14:21:44.735] [info] [ApplicationEvent] Event received: MouseMovedEvent: (672.000000, 146.000000)
[2025-07-03 14:21:44.735] [debug] [ImguiLayer] Mouse Moved: (672, 146)
[2025-07-03 14:21:44.744] [info] [WindowsWindow] Mouse moved to (672, 151) in window KnightEngine
[2025-07-03 14:21:44.744] [info] [ApplicationEvent] Event received: MouseMovedEvent: (672.000000, 151.000000)
[2025-07-03 14:21:44.745] [debug] [ImguiLayer] Mouse Moved: (672, 151)
[2025-07-03 14:21:44.745] [info] [WindowsWindow] Mouse moved to (672, 153) in window KnightEngine
[2025-07-03 14:21:44.746] [info] [ApplicationEvent] Event received: MouseMovedEvent: (672.000000, 153.000000)
[2025-07-03 14:21:44.746] [debug] [ImguiLayer] Mouse Moved: (672, 153)
[2025-07-03 14:21:44.747] [info] [WindowsWindow] Mouse moved to (672, 155) in window KnightEngine
[2025-07-03 14:21:44.747] [info] [ApplicationEvent] Event received: MouseMovedEvent: (672.000000, 155.000000)
[2025-07-03 14:21:44.747] [debug] [ImguiLayer] Mouse Moved: (672, 155)
[2025-07-03 14:21:44.748] [info] [WindowsWindow] Mouse moved to (672, 157) in window KnightEngine
[2025-07-03 14:21:44.748] [info] [ApplicationEvent] Event received: MouseMovedEvent: (672.000000, 157.000000)
[2025-07-03 14:21:44.749] [debug] [ImguiLayer] Mouse Moved: (672, 157)
[2025-07-03 14:21:44.749] [info] [WindowsWindow] Mouse moved to (673, 160) in window KnightEngine
[2025-07-03 14:21:44.749] [info] [ApplicationEvent] Event received: MouseMovedEvent: (673.000000, 160.000000)
[2025-07-03 14:21:44.750] [debug] [ImguiLayer] Mouse Moved: (673, 160)
[2025-07-03 14:21:44.750] [info] [WindowsWindow] Mouse moved to (673, 164) in window KnightEngine
[2025-07-03 14:21:44.750] [info] [ApplicationEvent] Event received: MouseMovedEvent: (673.000000, 164.000000)
[2025-07-03 14:21:44.751] [debug] [ImguiLayer] Mouse Moved: (673, 164)
[2025-07-03 14:21:44.751] [info] [WindowsWindow] Mouse moved to (673, 166) in window KnightEngine
[2025-07-03 14:21:44.751] [info] [ApplicationEvent] Event received: MouseMovedEvent: (673.000000, 166.000000)
[2025-07-03 14:21:44.751] [debug] [ImguiLayer] Mouse Moved: (673, 166)
[2025-07-03 14:21:44.753] [info] [WindowsWindow] Mouse moved to (674, 181) in window KnightEngine
[2025-07-03 14:21:44.753] [info] [ApplicationEvent] Event received: MouseMovedEvent: (674.000000, 181.000000)
[2025-07-03 14:21:44.753] [debug] [ImguiLayer] Mouse Moved: (674, 181)
[2025-07-03 14:21:44.758] [info] [WindowsWindow] Mouse moved to (674, 190) in window KnightEngine
[2025-07-03 14:21:44.758] [info] [ApplicationEvent] Event received: MouseMovedEvent: (674.000000, 190.000000)
[2025-07-03 14:21:44.758] [debug] [ImguiLayer] Mouse Moved: (674, 190)
[2025-07-03 14:21:44.767] [info] [WindowsWindow] Mouse moved to (675, 194) in window KnightEngine
[2025-07-03 14:21:44.768] [info] [ApplicationEvent] Event received: MouseMovedEvent: (675.000000, 194.000000)
[2025-07-03 14:21:44.768] [debug] [ImguiLayer] Mouse Moved: (675, 194)
[2025-07-03 14:21:44.768] [info] [WindowsWindow] Mouse moved to (675, 198) in window KnightEngine
[2025-07-03 14:21:44.769] [info] [ApplicationEvent] Event received: MouseMovedEvent: (675.000000, 198.000000)
[2025-07-03 14:21:44.769] [debug] [ImguiLayer] Mouse Moved: (675, 198)
[2025-07-03 14:21:44.769] [info] [WindowsWindow] Mouse moved to (675, 200) in window KnightEngine
[2025-07-03 14:21:44.770] [info] [ApplicationEvent] Event received: MouseMovedEvent: (675.000000, 200.000000)
[2025-07-03 14:21:44.770] [debug] [ImguiLayer] Mouse Moved: (675, 200)
[2025-07-03 14:21:44.770] [info] [WindowsWindow] Mouse moved to (676, 202) in window KnightEngine
[2025-07-03 14:21:44.771] [info] [ApplicationEvent] Event received: MouseMovedEvent: (676.000000, 202.000000)
[2025-07-03 14:21:44.771] [debug] [ImguiLayer] Mouse Moved: (676, 202)
[2025-07-03 14:21:44.773] [info] [WindowsWindow] Mouse moved to (676, 209) in window KnightEngine
[2025-07-03 14:21:44.773] [info] [ApplicationEvent] Event received: MouseMovedEvent: (676.000000, 209.000000)
[2025-07-03 14:21:44.774] [debug] [ImguiLayer] Mouse Moved: (676, 209)
[2025-07-03 14:21:44.775] [info] [WindowsWindow] Mouse moved to (677, 211) in window KnightEngine
[2025-07-03 14:21:44.776] [info] [ApplicationEvent] Event received: MouseMovedEvent: (677.000000, 211.000000)
[2025-07-03 14:21:44.776] [debug] [ImguiLayer] Mouse Moved: (677, 211)
[2025-07-03 14:21:44.783] [info] [WindowsWindow] Mouse moved to (677, 213) in window KnightEngine
[2025-07-03 14:21:44.784] [info] [ApplicationEvent] Event received: MouseMovedEvent: (677.000000, 213.000000)
[2025-07-03 14:21:44.784] [debug] [ImguiLayer] Mouse Moved: (677, 213)
[2025-07-03 14:21:44.785] [info] [WindowsWindow] Mouse moved to (677, 214) in window KnightEngine
[2025-07-03 14:21:44.785] [info] [ApplicationEvent] Event received: MouseMovedEvent: (677.000000, 214.000000)
[2025-07-03 14:21:44.786] [debug] [ImguiLayer] Mouse Moved: (677, 214)
[2025-07-03 14:21:44.787] [info] [WindowsWindow] Mouse moved to (677, 215) in window KnightEngine
[2025-07-03 14:21:44.788] [info] [ApplicationEvent] Event received: MouseMovedEvent: (677.000000, 215.000000)
[2025-07-03 14:21:44.788] [debug] [ImguiLayer] Mouse Moved: (677, 215)
[2025-07-03 14:21:44.789] [info] [WindowsWindow] Mouse moved to (677, 216) in window KnightEngine
[2025-07-03 14:21:44.789] [info] [ApplicationEvent] Event received: MouseMovedEvent: (677.000000, 216.000000)
[2025-07-03 14:21:44.789] [debug] [ImguiLayer] Mouse Moved: (677, 216)
[2025-07-03 14:21:44.790] [info] [WindowsWindow] Mouse moved to (677, 217) in window KnightEngine
[2025-07-03 14:21:44.790] [info] [ApplicationEvent] Event received: MouseMovedEvent: (677.000000, 217.000000)
[2025-07-03 14:21:44.791] [debug] [ImguiLayer] Mouse Moved: (677, 217)
[2025-07-03 14:21:44.793] [info] [WindowsWindow] Mouse moved to (677, 222) in window KnightEngine
[2025-07-03 14:21:44.793] [info] [ApplicationEvent] Event received: MouseMovedEvent: (677.000000, 222.000000)
[2025-07-03 14:21:44.794] [debug] [ImguiLayer] Mouse Moved: (677, 222)
[2025-07-03 14:21:44.797] [info] [WindowsWindow] Mouse moved to (677, 224) in window KnightEngine
[2025-07-03 14:21:44.798] [info] [ApplicationEvent] Event received: MouseMovedEvent: (677.000000, 224.000000)
[2025-07-03 14:21:44.798] [debug] [ImguiLayer] Mouse Moved: (677, 224)
[2025-07-03 14:21:44.800] [info] [WindowsWindow] Mouse moved to (677, 225) in window KnightEngine
[2025-07-03 14:21:44.800] [info] [ApplicationEvent] Event received: MouseMovedEvent: (677.000000, 225.000000)
[2025-07-03 14:21:44.801] [debug] [ImguiLayer] Mouse Moved: (677, 225)
[2025-07-03 14:21:44.804] [info] [WindowsWindow] Mouse moved to (677, 227) in window KnightEngine
[2025-07-03 14:21:44.805] [info] [ApplicationEvent] Event received: MouseMovedEvent: (677.000000, 227.000000)
[2025-07-03 14:21:44.805] [debug] [ImguiLayer] Mouse Moved: (677, 227)
[2025-07-03 14:21:44.816] [info] [WindowsWindow] Mouse moved to (677, 228) in window KnightEngine
[2025-07-03 14:21:44.817] [info] [ApplicationEvent] Event received: MouseMovedEvent: (677.000000, 228.000000)
[2025-07-03 14:21:44.818] [debug] [ImguiLayer] Mouse Moved: (677, 228)
[2025-07-03 14:21:44.834] [info] [WindowsWindow] Mouse moved to (677, 229) in window KnightEngine
[2025-07-03 14:21:44.835] [info] [ApplicationEvent] Event received: MouseMovedEvent: (677.000000, 229.000000)
[2025-07-03 14:21:44.835] [debug] [ImguiLayer] Mouse Moved: (677, 229)
[2025-07-03 14:21:44.956] [info] [WindowsWindow] Mouse moved to (677, 230) in window KnightEngine
[2025-07-03 14:21:44.957] [info] [ApplicationEvent] Event received: MouseMovedEvent: (677.000000, 230.000000)
[2025-07-03 14:21:44.958] [debug] [ImguiLayer] Mouse Moved: (677, 230)
[2025-07-03 14:21:44.976] [info] [ApplicationEvent] Event received: MouseScrolledEvent: (0.000000, -1.000000)
[2025-07-03 14:21:44.977] [debug] [ImguiLayer] Mouse Scrolled: (0, -1)
[2025-07-03 14:21:44.977] [info] [WindowsWindow] Mouse scrolled by (0, -1) in window KnightEngine
[2025-07-03 14:21:44.977] [info] [WindowsWindow] Mouse moved to (677, 231) in window KnightEngine
[2025-07-03 14:21:44.978] [info] [ApplicationEvent] Event received: MouseMovedEvent: (677.000000, 231.000000)
[2025-07-03 14:21:44.979] [debug] [ImguiLayer] Mouse Moved: (677, 231)
[2025-07-03 14:21:44.987] [info] [ApplicationEvent] Event received: MouseScrolledEvent: (0.000000, -1.000000)
[2025-07-03 14:21:44.988] [debug] [ImguiLayer] Mouse Scrolled: (0, -1)
[2025-07-03 14:21:44.988] [info] [WindowsWindow] Mouse scrolled by (0, -1) in window KnightEngine
[2025-07-03 14:21:44.995] [info] [ApplicationEvent] Event received: MouseScrolledEvent: (0.000000, -1.000000)
[2025-07-03 14:21:44.996] [debug] [ImguiLayer] Mouse Scrolled: (0, -1)
[2025-07-03 14:21:44.996] [info] [WindowsWindow] Mouse scrolled by (0, -1) in window KnightEngine
[2025-07-03 14:21:45.008] [info] [ApplicationEvent] Event received: MouseScrolledEvent: (0.000000, -1.000000)
[2025-07-03 14:21:45.009] [debug] [ImguiLayer] Mouse Scrolled: (0, -1)
[2025-07-03 14:21:45.009] [info] [WindowsWindow] Mouse scrolled by (0, -1) in window KnightEngine
[2025-07-03 14:21:45.017] [info] [ApplicationEvent] Event received: MouseScrolledEvent: (0.000000, -1.000000)
[2025-07-03 14:21:45.017] [debug] [ImguiLayer] Mouse Scrolled: (0, -1)
[2025-07-03 14:21:45.018] [info] [WindowsWindow] Mouse scrolled by (0, -1) in window KnightEngine
[2025-07-03 14:21:45.237] [info] [WindowsWindow] Mouse moved to (677, 232) in window KnightEngine
[2025-07-03 14:21:45.238] [info] [ApplicationEvent] Event received: MouseMovedEvent: (677.000000, 232.000000)
[2025-07-03 14:21:45.238] [debug] [ImguiLayer] Mouse Moved: (677, 232)
[2025-07-03 14:21:45.242] [info] [WindowsWindow] Mouse moved to (677, 233) in window KnightEngine
[2025-07-03 14:21:45.243] [info] [ApplicationEvent] Event received: MouseMovedEvent: (677.000000, 233.000000)
[2025-07-03 14:21:45.243] [debug] [ImguiLayer] Mouse Moved: (677, 233)
[2025-07-03 14:21:45.246] [info] [WindowsWindow] Mouse moved to (677, 234) in window KnightEngine
[2025-07-03 14:21:45.246] [info] [ApplicationEvent] Event received: MouseMovedEvent: (677.000000, 234.000000)
[2025-07-03 14:21:45.247] [debug] [ImguiLayer] Mouse Moved: (677, 234)
[2025-07-03 14:21:45.254] [info] [ApplicationEvent] Event received: MouseScrolledEvent: (0.000000, 1.000000)
[2025-07-03 14:21:45.255] [debug] [ImguiLayer] Mouse Scrolled: (0, 1)
[2025-07-03 14:21:45.255] [info] [WindowsWindow] Mouse scrolled by (0, 1) in window KnightEngine
[2025-07-03 14:21:45.256] [info] [WindowsWindow] Mouse moved to (677, 235) in window KnightEngine
[2025-07-03 14:21:45.256] [info] [ApplicationEvent] Event received: MouseMovedEvent: (677.000000, 235.000000)
[2025-07-03 14:21:45.257] [debug] [ImguiLayer] Mouse Moved: (677, 235)
[2025-07-03 14:21:45.257] [info] [WindowsWindow] Mouse moved to (677, 236) in window KnightEngine
[2025-07-03 14:21:45.257] [info] [ApplicationEvent] Event received: MouseMovedEvent: (677.000000, 236.000000)
[2025-07-03 14:21:45.258] [debug] [ImguiLayer] Mouse Moved: (677, 236)
[2025-07-03 14:21:45.259] [info] [WindowsWindow] Mouse moved to (677, 238) in window KnightEngine
[2025-07-03 14:21:45.260] [info] [ApplicationEvent] Event received: MouseMovedEvent: (677.000000, 238.000000)
[2025-07-03 14:21:45.260] [debug] [ImguiLayer] Mouse Moved: (677, 238)
[2025-07-03 14:21:45.262] [info] [ApplicationEvent] Event received: MouseScrolledEvent: (0.000000, -1.000000)
[2025-07-03 14:21:45.262] [debug] [ImguiLayer] Mouse Scrolled: (0, -1)
[2025-07-03 14:21:45.263] [info] [WindowsWindow] Mouse scrolled by (0, -1) in window KnightEngine
[2025-07-03 14:21:45.271] [info] [WindowsWindow] Mouse moved to (677, 239) in window KnightEngine
[2025-07-03 14:21:45.271] [info] [ApplicationEvent] Event received: MouseMovedEvent: (677.000000, 239.000000)
[2025-07-03 14:21:45.272] [debug] [ImguiLayer] Mouse Moved: (677, 239)
[2025-07-03 14:21:45.272] [info] [ApplicationEvent] Event received: MouseScrolledEvent: (0.000000, 1.000000)
[2025-07-03 14:21:45.272] [debug] [ImguiLayer] Mouse Scrolled: (0, 1)
[2025-07-03 14:21:45.273] [info] [WindowsWindow] Mouse scrolled by (0, 1) in window KnightEngine
[2025-07-03 14:21:45.278] [info] [ApplicationEvent] Event received: MouseScrolledEvent: (0.000000, -1.000000)
[2025-07-03 14:21:45.279] [debug] [ImguiLayer] Mouse Scrolled: (0, -1)
[2025-07-03 14:21:45.279] [info] [WindowsWindow] Mouse scrolled by (0, -1) in window KnightEngine
[2025-07-03 14:21:45.286] [info] [ApplicationEvent] Event received: MouseScrolledEvent: (0.000000, -1.000000)
[2025-07-03 14:21:45.288] [debug] [ImguiLayer] Mouse Scrolled: (0, -1)
[2025-07-03 14:21:45.288] [info] [WindowsWindow] Mouse scrolled by (0, -1) in window KnightEngine
[2025-07-03 14:21:45.295] [info] [ApplicationEvent] Event received: MouseScrolledEvent: (0.000000, -1.000000)
[2025-07-03 14:21:45.296] [debug] [ImguiLayer] Mouse Scrolled: (0, -1)
[2025-07-03 14:21:45.297] [info] [WindowsWindow] Mouse scrolled by (0, -1) in window KnightEngine
[2025-07-03 14:21:45.300] [info] [WindowsWindow] Mouse moved to (677, 240) in window KnightEngine
[2025-07-03 14:21:45.300] [info] [ApplicationEvent] Event received: MouseMovedEvent: (677.000000, 240.000000)
[2025-07-03 14:21:45.301] [debug] [ImguiLayer] Mouse Moved: (677, 240)
[2025-07-03 14:21:45.304] [info] [WindowsWindow] Mouse moved to (677, 241) in window KnightEngine
[2025-07-03 14:21:45.304] [info] [ApplicationEvent] Event received: MouseMovedEvent: (677.000000, 241.000000)
[2025-07-03 14:21:45.305] [debug] [ImguiLayer] Mouse Moved: (677, 241)
[2025-07-03 14:21:45.308] [info] [WindowsWindow] Mouse moved to (677, 244) in window KnightEngine
[2025-07-03 14:21:45.308] [info] [ApplicationEvent] Event received: MouseMovedEvent: (677.000000, 244.000000)
[2025-07-03 14:21:45.309] [debug] [ImguiLayer] Mouse Moved: (677, 244)
[2025-07-03 14:21:45.317] [info] [WindowsWindow] Mouse moved to (677, 246) in window KnightEngine
[2025-07-03 14:21:45.317] [info] [ApplicationEvent] Event received: MouseMovedEvent: (677.000000, 246.000000)
[2025-07-03 14:21:45.317] [debug] [ImguiLayer] Mouse Moved: (677, 246)
[2025-07-03 14:21:45.318] [info] [WindowsWindow] Mouse moved to (677, 247) in window KnightEngine
[2025-07-03 14:21:45.318] [info] [ApplicationEvent] Event received: MouseMovedEvent: (677.000000, 247.000000)
[2025-07-03 14:21:45.319] [debug] [ImguiLayer] Mouse Moved: (677, 247)
[2025-07-03 14:21:45.319] [info] [WindowsWindow] Mouse moved to (677, 248) in window KnightEngine
[2025-07-03 14:21:45.319] [info] [ApplicationEvent] Event received: MouseMovedEvent: (677.000000, 248.000000)
[2025-07-03 14:21:45.320] [debug] [ImguiLayer] Mouse Moved: (677, 248)
[2025-07-03 14:21:45.320] [info] [WindowsWindow] Mouse moved to (677, 249) in window KnightEngine
[2025-07-03 14:21:45.321] [info] [ApplicationEvent] Event received: MouseMovedEvent: (677.000000, 249.000000)
[2025-07-03 14:21:45.321] [debug] [ImguiLayer] Mouse Moved: (677, 249)
[2025-07-03 14:21:45.321] [info] [WindowsWindow] Mouse moved to (677, 250) in window KnightEngine
[2025-07-03 14:21:45.322] [info] [ApplicationEvent] Event received: MouseMovedEvent: (677.000000, 250.000000)
[2025-07-03 14:21:45.322] [debug] [ImguiLayer] Mouse Moved: (677, 250)
[2025-07-03 14:21:45.322] [info] [ApplicationEvent] Event received: MouseScrolledEvent: (0.000000, -1.000000)
[2025-07-03 14:21:45.322] [debug] [ImguiLayer] Mouse Scrolled: (0, -1)
[2025-07-03 14:21:45.323] [info] [WindowsWindow] Mouse scrolled by (0, -1) in window KnightEngine
[2025-07-03 14:21:45.325] [info] [WindowsWindow] Mouse moved to (679, 259) in window KnightEngine
[2025-07-03 14:21:45.326] [info] [ApplicationEvent] Event received: MouseMovedEvent: (679.000000, 259.000000)
[2025-07-03 14:21:45.326] [debug] [ImguiLayer] Mouse Moved: (679, 259)
[2025-07-03 14:21:45.326] [info] [WindowsWindow] Mouse moved to (679, 260) in window KnightEngine
[2025-07-03 14:21:45.326] [info] [ApplicationEvent] Event received: MouseMovedEvent: (679.000000, 260.000000)
[2025-07-03 14:21:45.327] [debug] [ImguiLayer] Mouse Moved: (679, 260)
[2025-07-03 14:21:45.330] [info] [WindowsWindow] Mouse moved to (679, 264) in window KnightEngine
[2025-07-03 14:21:45.331] [info] [ApplicationEvent] Event received: MouseMovedEvent: (679.000000, 264.000000)
[2025-07-03 14:21:45.331] [debug] [ImguiLayer] Mouse Moved: (679, 264)
[2025-07-03 14:21:45.331] [info] [WindowsWindow] Mouse moved to (680, 265) in window KnightEngine
[2025-07-03 14:21:45.332] [info] [ApplicationEvent] Event received: MouseMovedEvent: (680.000000, 265.000000)
[2025-07-03 14:21:45.332] [debug] [ImguiLayer] Mouse Moved: (680, 265)
[2025-07-03 14:21:45.332] [info] [WindowsWindow] Mouse moved to (680, 266) in window KnightEngine
[2025-07-03 14:21:45.333] [info] [ApplicationEvent] Event received: MouseMovedEvent: (680.000000, 266.000000)
[2025-07-03 14:21:45.333] [debug] [ImguiLayer] Mouse Moved: (680, 266)
[2025-07-03 14:21:45.335] [info] [WindowsWindow] Mouse moved to (681, 270) in window KnightEngine
[2025-07-03 14:21:45.336] [info] [ApplicationEvent] Event received: MouseMovedEvent: (681.000000, 270.000000)
[2025-07-03 14:21:45.336] [debug] [ImguiLayer] Mouse Moved: (681, 270)
[2025-07-03 14:21:45.336] [info] [WindowsWindow] Mouse moved to (682, 271) in window KnightEngine
[2025-07-03 14:21:45.336] [info] [ApplicationEvent] Event received: MouseMovedEvent: (682.000000, 271.000000)
[2025-07-03 14:21:45.337] [debug] [ImguiLayer] Mouse Moved: (682, 271)
[2025-07-03 14:21:45.340] [info] [WindowsWindow] Mouse moved to (682, 273) in window KnightEngine
[2025-07-03 14:21:45.340] [info] [ApplicationEvent] Event received: MouseMovedEvent: (682.000000, 273.000000)
[2025-07-03 14:21:45.341] [debug] [ImguiLayer] Mouse Moved: (682, 273)
[2025-07-03 14:21:45.341] [info] [WindowsWindow] Mouse moved to (683, 275) in window KnightEngine
[2025-07-03 14:21:45.341] [info] [ApplicationEvent] Event received: MouseMovedEvent: (683.000000, 275.000000)
[2025-07-03 14:21:45.342] [debug] [ImguiLayer] Mouse Moved: (683, 275)
[2025-07-03 14:21:45.342] [info] [WindowsWindow] Mouse moved to (683, 276) in window KnightEngine
[2025-07-03 14:21:45.343] [info] [ApplicationEvent] Event received: MouseMovedEvent: (683.000000, 276.000000)
[2025-07-03 14:21:45.343] [debug] [ImguiLayer] Mouse Moved: (683, 276)
[2025-07-03 14:21:45.345] [info] [WindowsWindow] Mouse moved to (684, 281) in window KnightEngine
[2025-07-03 14:21:45.346] [info] [ApplicationEvent] Event received: MouseMovedEvent: (684.000000, 281.000000)
[2025-07-03 14:21:45.346] [debug] [ImguiLayer] Mouse Moved: (684, 281)
[2025-07-03 14:21:45.350] [info] [WindowsWindow] Mouse moved to (685, 287) in window KnightEngine
[2025-07-03 14:21:45.350] [info] [ApplicationEvent] Event received: MouseMovedEvent: (685.000000, 287.000000)
[2025-07-03 14:21:45.351] [debug] [ImguiLayer] Mouse Moved: (685, 287)
[2025-07-03 14:21:45.355] [info] [WindowsWindow] Mouse moved to (685, 290) in window KnightEngine
[2025-07-03 14:21:45.356] [info] [ApplicationEvent] Event received: MouseMovedEvent: (685.000000, 290.000000)
[2025-07-03 14:21:45.356] [debug] [ImguiLayer] Mouse Moved: (685, 290)
[2025-07-03 14:21:45.357] [info] [WindowsWindow] Mouse moved to (685, 291) in window KnightEngine
[2025-07-03 14:21:45.357] [info] [ApplicationEvent] Event received: MouseMovedEvent: (685.000000, 291.000000)
[2025-07-03 14:21:45.358] [debug] [ImguiLayer] Mouse Moved: (685, 291)
[2025-07-03 14:21:45.358] [info] [WindowsWindow] Mouse moved to (685, 292) in window KnightEngine
[2025-07-03 14:21:45.359] [info] [ApplicationEvent] Event received: MouseMovedEvent: (685.000000, 292.000000)
[2025-07-03 14:21:45.359] [debug] [ImguiLayer] Mouse Moved: (685, 292)
[2025-07-03 14:21:45.364] [info] [WindowsWindow] Mouse moved to (685, 299) in window KnightEngine
[2025-07-03 14:21:45.365] [info] [ApplicationEvent] Event received: MouseMovedEvent: (685.000000, 299.000000)
[2025-07-03 14:21:45.365] [debug] [ImguiLayer] Mouse Moved: (685, 299)
[2025-07-03 14:21:45.365] [info] [WindowsWindow] Mouse moved to (685, 300) in window KnightEngine
[2025-07-03 14:21:45.366] [info] [ApplicationEvent] Event received: MouseMovedEvent: (685.000000, 300.000000)
[2025-07-03 14:21:45.366] [debug] [ImguiLayer] Mouse Moved: (685, 300)
[2025-07-03 14:21:45.366] [info] [WindowsWindow] Mouse moved to (685, 303) in window KnightEngine
[2025-07-03 14:21:45.367] [info] [ApplicationEvent] Event received: MouseMovedEvent: (685.000000, 303.000000)
[2025-07-03 14:21:45.367] [debug] [ImguiLayer] Mouse Moved: (685, 303)
[2025-07-03 14:21:45.367] [info] [WindowsWindow] Mouse moved to (685, 305) in window KnightEngine
[2025-07-03 14:21:45.368] [info] [ApplicationEvent] Event received: MouseMovedEvent: (685.000000, 305.000000)
[2025-07-03 14:21:45.368] [debug] [ImguiLayer] Mouse Moved: (685, 305)
[2025-07-03 14:21:45.371] [info] [WindowsWindow] Mouse moved to (685, 311) in window KnightEngine
[2025-07-03 14:21:45.371] [info] [ApplicationEvent] Event received: MouseMovedEvent: (685.000000, 311.000000)
[2025-07-03 14:21:45.371] [debug] [ImguiLayer] Mouse Moved: (685, 311)
[2025-07-03 14:21:45.372] [info] [WindowsWindow] Mouse moved to (685, 313) in window KnightEngine
[2025-07-03 14:21:45.372] [info] [ApplicationEvent] Event received: MouseMovedEvent: (685.000000, 313.000000)
[2025-07-03 14:21:45.372] [debug] [ImguiLayer] Mouse Moved: (685, 313)
[2025-07-03 14:21:45.376] [info] [WindowsWindow] Mouse moved to (685, 318) in window KnightEngine
[2025-07-03 14:21:45.377] [info] [ApplicationEvent] Event received: MouseMovedEvent: (685.000000, 318.000000)
[2025-07-03 14:21:45.377] [debug] [ImguiLayer] Mouse Moved: (685, 318)
[2025-07-03 14:21:45.377] [info] [WindowsWindow] Mouse moved to (685, 320) in window KnightEngine
[2025-07-03 14:21:45.378] [info] [ApplicationEvent] Event received: MouseMovedEvent: (685.000000, 320.000000)
[2025-07-03 14:21:45.378] [debug] [ImguiLayer] Mouse Moved: (685, 320)
[2025-07-03 14:21:45.378] [info] [WindowsWindow] Mouse moved to (685, 322) in window KnightEngine
[2025-07-03 14:21:45.379] [info] [ApplicationEvent] Event received: MouseMovedEvent: (685.000000, 322.000000)
[2025-07-03 14:21:45.379] [debug] [ImguiLayer] Mouse Moved: (685, 322)
[2025-07-03 14:21:45.381] [info] [WindowsWindow] Mouse moved to (685, 328) in window KnightEngine
[2025-07-03 14:21:45.382] [info] [ApplicationEvent] Event received: MouseMovedEvent: (685.000000, 328.000000)
[2025-07-03 14:21:45.382] [debug] [ImguiLayer] Mouse Moved: (685, 328)
[2025-07-03 14:21:45.382] [info] [WindowsWindow] Mouse moved to (685, 329) in window KnightEngine
[2025-07-03 14:21:45.383] [info] [ApplicationEvent] Event received: MouseMovedEvent: (685.000000, 329.000000)
[2025-07-03 14:21:45.383] [debug] [ImguiLayer] Mouse Moved: (685, 329)
[2025-07-03 14:21:45.385] [info] [WindowsWindow] Mouse moved to (685, 335) in window KnightEngine
[2025-07-03 14:21:45.385] [info] [ApplicationEvent] Event received: MouseMovedEvent: (685.000000, 335.000000)
[2025-07-03 14:21:45.386] [debug] [ImguiLayer] Mouse Moved: (685, 335)
[2025-07-03 14:21:45.386] [info] [WindowsWindow] Mouse moved to (685, 337) in window KnightEngine
[2025-07-03 14:21:45.386] [info] [ApplicationEvent] Event received: MouseMovedEvent: (685.000000, 337.000000)
[2025-07-03 14:21:45.387] [debug] [ImguiLayer] Mouse Moved: (685, 337)
[2025-07-03 14:21:45.389] [info] [WindowsWindow] Mouse moved to (685, 340) in window KnightEngine
[2025-07-03 14:21:45.389] [info] [ApplicationEvent] Event received: MouseMovedEvent: (685.000000, 340.000000)
[2025-07-03 14:21:45.390] [debug] [ImguiLayer] Mouse Moved: (685, 340)
[2025-07-03 14:21:45.390] [info] [WindowsWindow] Mouse moved to (685, 342) in window KnightEngine
[2025-07-03 14:21:45.392] [info] [ApplicationEvent] Event received: MouseMovedEvent: (685.000000, 342.000000)
[2025-07-03 14:21:45.392] [debug] [ImguiLayer] Mouse Moved: (685, 342)
[2025-07-03 14:21:45.395] [info] [WindowsWindow] Mouse moved to (684, 347) in window KnightEngine
[2025-07-03 14:21:45.395] [info] [ApplicationEvent] Event received: MouseMovedEvent: (684.000000, 347.000000)
[2025-07-03 14:21:45.396] [debug] [ImguiLayer] Mouse Moved: (684, 347)
[2025-07-03 14:21:45.396] [info] [WindowsWindow] Mouse moved to (684, 349) in window KnightEngine
[2025-07-03 14:21:45.396] [info] [ApplicationEvent] Event received: MouseMovedEvent: (684.000000, 349.000000)
[2025-07-03 14:21:45.397] [debug] [ImguiLayer] Mouse Moved: (684, 349)
[2025-07-03 14:21:45.397] [info] [WindowsWindow] Mouse moved to (684, 350) in window KnightEngine
[2025-07-03 14:21:45.398] [info] [ApplicationEvent] Event received: MouseMovedEvent: (684.000000, 350.000000)
[2025-07-03 14:21:45.399] [debug] [ImguiLayer] Mouse Moved: (684, 350)
[2025-07-03 14:21:45.405] [info] [WindowsWindow] Mouse moved to (683, 358) in window KnightEngine
[2025-07-03 14:21:45.405] [info] [ApplicationEvent] Event received: MouseMovedEvent: (683.000000, 358.000000)
[2025-07-03 14:21:45.406] [debug] [ImguiLayer] Mouse Moved: (683, 358)
[2025-07-03 14:21:45.406] [info] [WindowsWindow] Mouse moved to (683, 361) in window KnightEngine
[2025-07-03 14:21:45.406] [info] [ApplicationEvent] Event received: MouseMovedEvent: (683.000000, 361.000000)
[2025-07-03 14:21:45.407] [debug] [ImguiLayer] Mouse Moved: (683, 361)
[2025-07-03 14:21:45.407] [info] [WindowsWindow] Mouse moved to (683, 363) in window KnightEngine
[2025-07-03 14:21:45.407] [info] [ApplicationEvent] Event received: MouseMovedEvent: (683.000000, 363.000000)
[2025-07-03 14:21:45.408] [debug] [ImguiLayer] Mouse Moved: (683, 363)
[2025-07-03 14:21:45.409] [info] [WindowsWindow] Mouse moved to (682, 368) in window KnightEngine
[2025-07-03 14:21:45.409] [info] [ApplicationEvent] Event received: MouseMovedEvent: (682.000000, 368.000000)
[2025-07-03 14:21:45.410] [debug] [ImguiLayer] Mouse Moved: (682, 368)
[2025-07-03 14:21:45.412] [info] [WindowsWindow] Mouse moved to (682, 371) in window KnightEngine
[2025-07-03 14:21:45.412] [info] [ApplicationEvent] Event received: MouseMovedEvent: (682.000000, 371.000000)
[2025-07-03 14:21:45.413] [debug] [ImguiLayer] Mouse Moved: (682, 371)
[2025-07-03 14:21:45.416] [info] [WindowsWindow] Mouse moved to (682, 374) in window KnightEngine
[2025-07-03 14:21:45.416] [info] [ApplicationEvent] Event received: MouseMovedEvent: (682.000000, 374.000000)
[2025-07-03 14:21:45.417] [debug] [ImguiLayer] Mouse Moved: (682, 374)
[2025-07-03 14:21:45.420] [info] [WindowsWindow] Mouse moved to (682, 377) in window KnightEngine
[2025-07-03 14:21:45.421] [info] [ApplicationEvent] Event received: MouseMovedEvent: (682.000000, 377.000000)
[2025-07-03 14:21:45.422] [debug] [ImguiLayer] Mouse Moved: (682, 377)
[2025-07-03 14:21:45.424] [info] [WindowsWindow] Mouse moved to (682, 380) in window KnightEngine
[2025-07-03 14:21:45.425] [info] [ApplicationEvent] Event received: MouseMovedEvent: (682.000000, 380.000000)
[2025-07-03 14:21:45.425] [debug] [ImguiLayer] Mouse Moved: (682, 380)
[2025-07-03 14:21:45.430] [info] [WindowsWindow] Mouse moved to (682, 382) in window KnightEngine
[2025-07-03 14:21:45.430] [info] [ApplicationEvent] Event received: MouseMovedEvent: (682.000000, 382.000000)
[2025-07-03 14:21:45.431] [debug] [ImguiLayer] Mouse Moved: (682, 382)
[2025-07-03 14:21:45.431] [info] [WindowsWindow] Mouse moved to (682, 383) in window KnightEngine
[2025-07-03 14:21:45.431] [info] [ApplicationEvent] Event received: MouseMovedEvent: (682.000000, 383.000000)
[2025-07-03 14:21:45.431] [debug] [ImguiLayer] Mouse Moved: (682, 383)
[2025-07-03 14:21:45.433] [info] [WindowsWindow] Mouse moved to (682, 384) in window KnightEngine
[2025-07-03 14:21:45.433] [info] [ApplicationEvent] Event received: MouseMovedEvent: (682.000000, 384.000000)
[2025-07-03 14:21:45.434] [debug] [ImguiLayer] Mouse Moved: (682, 384)
[2025-07-03 14:21:45.437] [info] [WindowsWindow] Mouse moved to (683, 386) in window KnightEngine
[2025-07-03 14:21:45.438] [info] [ApplicationEvent] Event received: MouseMovedEvent: (683.000000, 386.000000)
[2025-07-03 14:21:45.438] [debug] [ImguiLayer] Mouse Moved: (683, 386)
[2025-07-03 14:21:45.442] [info] [WindowsWindow] Mouse moved to (684, 388) in window KnightEngine
[2025-07-03 14:21:45.443] [info] [ApplicationEvent] Event received: MouseMovedEvent: (684.000000, 388.000000)
[2025-07-03 14:21:45.443] [debug] [ImguiLayer] Mouse Moved: (684, 388)
[2025-07-03 14:21:45.443] [info] [WindowsWindow] Mouse moved to (684, 389) in window KnightEngine
[2025-07-03 14:21:45.444] [info] [ApplicationEvent] Event received: MouseMovedEvent: (684.000000, 389.000000)
[2025-07-03 14:21:45.444] [debug] [ImguiLayer] Mouse Moved: (684, 389)
[2025-07-03 14:21:45.446] [info] [WindowsWindow] Mouse moved to (685, 392) in window KnightEngine
[2025-07-03 14:21:45.446] [info] [ApplicationEvent] Event received: MouseMovedEvent: (685.000000, 392.000000)
[2025-07-03 14:21:45.447] [debug] [ImguiLayer] Mouse Moved: (685, 392)
[2025-07-03 14:21:45.450] [info] [WindowsWindow] Mouse moved to (685, 395) in window KnightEngine
[2025-07-03 14:21:45.450] [info] [ApplicationEvent] Event received: MouseMovedEvent: (685.000000, 395.000000)
[2025-07-03 14:21:45.451] [debug] [ImguiLayer] Mouse Moved: (685, 395)
[2025-07-03 14:21:45.451] [info] [WindowsWindow] Mouse moved to (685, 396) in window KnightEngine
[2025-07-03 14:21:45.451] [info] [ApplicationEvent] Event received: MouseMovedEvent: (685.000000, 396.000000)
[2025-07-03 14:21:45.452] [debug] [ImguiLayer] Mouse Moved: (685, 396)
[2025-07-03 14:21:45.455] [info] [WindowsWindow] Mouse moved to (685, 399) in window KnightEngine
[2025-07-03 14:21:45.456] [info] [ApplicationEvent] Event received: MouseMovedEvent: (685.000000, 399.000000)
[2025-07-03 14:21:45.456] [debug] [ImguiLayer] Mouse Moved: (685, 399)
[2025-07-03 14:21:45.456] [info] [WindowsWindow] Mouse moved to (685, 400) in window KnightEngine
[2025-07-03 14:21:45.456] [info] [ApplicationEvent] Event received: MouseMovedEvent: (685.000000, 400.000000)
[2025-07-03 14:21:45.457] [debug] [ImguiLayer] Mouse Moved: (685, 400)
[2025-07-03 14:21:45.457] [info] [WindowsWindow] Mouse moved to (686, 401) in window KnightEngine
[2025-07-03 14:21:45.457] [info] [ApplicationEvent] Event received: MouseMovedEvent: (686.000000, 401.000000)
[2025-07-03 14:21:45.458] [debug] [ImguiLayer] Mouse Moved: (686, 401)
[2025-07-03 14:21:45.459] [info] [WindowsWindow] Mouse moved to (686, 405) in window KnightEngine
[2025-07-03 14:21:45.459] [info] [ApplicationEvent] Event received: MouseMovedEvent: (686.000000, 405.000000)
[2025-07-03 14:21:45.460] [debug] [ImguiLayer] Mouse Moved: (686, 405)
[2025-07-03 14:21:45.462] [info] [WindowsWindow] Mouse moved to (687, 407) in window KnightEngine
[2025-07-03 14:21:45.463] [info] [ApplicationEvent] Event received: MouseMovedEvent: (687.000000, 407.000000)
[2025-07-03 14:21:45.463] [debug] [ImguiLayer] Mouse Moved: (687, 407)
[2025-07-03 14:21:45.466] [info] [WindowsWindow] Mouse moved to (687, 411) in window KnightEngine
[2025-07-03 14:21:45.466] [info] [ApplicationEvent] Event received: MouseMovedEvent: (687.000000, 411.000000)
[2025-07-03 14:21:45.467] [debug] [ImguiLayer] Mouse Moved: (687, 411)
[2025-07-03 14:21:45.471] [info] [WindowsWindow] Mouse moved to (687, 415) in window KnightEngine
[2025-07-03 14:21:45.472] [info] [ApplicationEvent] Event received: MouseMovedEvent: (687.000000, 415.000000)
[2025-07-03 14:21:45.472] [debug] [ImguiLayer] Mouse Moved: (687, 415)
[2025-07-03 14:21:45.476] [info] [WindowsWindow] Mouse moved to (687, 418) in window KnightEngine
[2025-07-03 14:21:45.476] [info] [ApplicationEvent] Event received: MouseMovedEvent: (687.000000, 418.000000)
[2025-07-03 14:21:45.477] [debug] [ImguiLayer] Mouse Moved: (687, 418)
[2025-07-03 14:21:45.477] [info] [WindowsWindow] Mouse moved to (687, 419) in window KnightEngine
[2025-07-03 14:21:45.478] [info] [ApplicationEvent] Event received: MouseMovedEvent: (687.000000, 419.000000)
[2025-07-03 14:21:45.478] [debug] [ImguiLayer] Mouse Moved: (687, 419)
[2025-07-03 14:21:45.480] [info] [WindowsWindow] Mouse moved to (687, 422) in window KnightEngine
[2025-07-03 14:21:45.480] [info] [ApplicationEvent] Event received: MouseMovedEvent: (687.000000, 422.000000)
[2025-07-03 14:21:45.481] [debug] [ImguiLayer] Mouse Moved: (687, 422)
[2025-07-03 14:21:45.484] [info] [WindowsWindow] Mouse moved to (687, 423) in window KnightEngine
[2025-07-03 14:21:45.484] [info] [ApplicationEvent] Event received: MouseMovedEvent: (687.000000, 423.000000)
[2025-07-03 14:21:45.485] [debug] [ImguiLayer] Mouse Moved: (687, 423)
[2025-07-03 14:21:45.485] [info] [WindowsWindow] Mouse moved to (687, 424) in window KnightEngine
[2025-07-03 14:21:45.486] [info] [ApplicationEvent] Event received: MouseMovedEvent: (687.000000, 424.000000)
[2025-07-03 14:21:45.486] [debug] [ImguiLayer] Mouse Moved: (687, 424)
[2025-07-03 14:21:45.486] [info] [WindowsWindow] Mouse moved to (687, 425) in window KnightEngine
[2025-07-03 14:21:45.486] [info] [ApplicationEvent] Event received: MouseMovedEvent: (687.000000, 425.000000)
[2025-07-03 14:21:45.487] [debug] [ImguiLayer] Mouse Moved: (687, 425)
[2025-07-03 14:21:45.488] [info] [WindowsWindow] Mouse moved to (687, 426) in window KnightEngine
[2025-07-03 14:21:45.489] [info] [ApplicationEvent] Event received: MouseMovedEvent: (687.000000, 426.000000)
[2025-07-03 14:21:45.489] [debug] [ImguiLayer] Mouse Moved: (687, 426)
[2025-07-03 14:21:45.491] [info] [WindowsWindow] Mouse moved to (687, 428) in window KnightEngine
[2025-07-03 14:21:45.491] [info] [ApplicationEvent] Event received: MouseMovedEvent: (687.000000, 428.000000)
[2025-07-03 14:21:45.492] [debug] [ImguiLayer] Mouse Moved: (687, 428)
[2025-07-03 14:21:45.497] [info] [WindowsWindow] Mouse moved to (687, 431) in window KnightEngine
[2025-07-03 14:21:45.498] [info] [ApplicationEvent] Event received: MouseMovedEvent: (687.000000, 431.000000)
[2025-07-03 14:21:45.498] [debug] [ImguiLayer] Mouse Moved: (687, 431)
[2025-07-03 14:21:45.498] [info] [WindowsWindow] Mouse moved to (686, 431) in window KnightEngine
[2025-07-03 14:21:45.499] [info] [ApplicationEvent] Event received: MouseMovedEvent: (686.000000, 431.000000)
[2025-07-03 14:21:45.499] [debug] [ImguiLayer] Mouse Moved: (686, 431)
[2025-07-03 14:21:45.499] [info] [WindowsWindow] Mouse moved to (686, 432) in window KnightEngine
[2025-07-03 14:21:45.500] [info] [ApplicationEvent] Event received: MouseMovedEvent: (686.000000, 432.000000)
[2025-07-03 14:21:45.500] [debug] [ImguiLayer] Mouse Moved: (686, 432)
[2025-07-03 14:21:45.502] [info] [WindowsWindow] Mouse moved to (686, 434) in window KnightEngine
[2025-07-03 14:21:45.502] [info] [ApplicationEvent] Event received: MouseMovedEvent: (686.000000, 434.000000)
[2025-07-03 14:21:45.503] [debug] [ImguiLayer] Mouse Moved: (686, 434)
[2025-07-03 14:21:45.505] [info] [WindowsWindow] Mouse moved to (686, 436) in window KnightEngine
[2025-07-03 14:21:45.505] [info] [ApplicationEvent] Event received: MouseMovedEvent: (686.000000, 436.000000)
[2025-07-03 14:21:45.505] [debug] [ImguiLayer] Mouse Moved: (686, 436)
[2025-07-03 14:21:45.509] [info] [WindowsWindow] Mouse moved to (686, 437) in window KnightEngine
[2025-07-03 14:21:45.510] [info] [ApplicationEvent] Event received: MouseMovedEvent: (686.000000, 437.000000)
[2025-07-03 14:21:45.511] [debug] [ImguiLayer] Mouse Moved: (686, 437)
[2025-07-03 14:21:45.518] [info] [WindowsWindow] Mouse moved to (686, 439) in window KnightEngine
[2025-07-03 14:21:45.519] [info] [ApplicationEvent] Event received: MouseMovedEvent: (686.000000, 439.000000)
[2025-07-03 14:21:45.519] [debug] [ImguiLayer] Mouse Moved: (686, 439)
[2025-07-03 14:21:45.519] [info] [WindowsWindow] Mouse moved to (686, 440) in window KnightEngine
[2025-07-03 14:21:45.519] [info] [ApplicationEvent] Event received: MouseMovedEvent: (686.000000, 440.000000)
[2025-07-03 14:21:45.520] [debug] [ImguiLayer] Mouse Moved: (686, 440)
[2025-07-03 14:21:45.520] [info] [WindowsWindow] Mouse moved to (686, 441) in window KnightEngine
[2025-07-03 14:21:45.520] [info] [ApplicationEvent] Event received: MouseMovedEvent: (686.000000, 441.000000)
[2025-07-03 14:21:45.521] [debug] [ImguiLayer] Mouse Moved: (686, 441)
[2025-07-03 14:21:45.522] [info] [WindowsWindow] Mouse moved to (685, 443) in window KnightEngine
[2025-07-03 14:21:45.523] [info] [ApplicationEvent] Event received: MouseMovedEvent: (685.000000, 443.000000)
[2025-07-03 14:21:45.523] [debug] [ImguiLayer] Mouse Moved: (685, 443)
[2025-07-03 14:21:45.529] [info] [WindowsWindow] Mouse moved to (685, 445) in window KnightEngine
[2025-07-03 14:21:45.529] [info] [ApplicationEvent] Event received: MouseMovedEvent: (685.000000, 445.000000)
[2025-07-03 14:21:45.530] [debug] [ImguiLayer] Mouse Moved: (685, 445)
[2025-07-03 14:21:45.535] [info] [WindowsWindow] Mouse moved to (685, 446) in window KnightEngine
[2025-07-03 14:21:45.536] [info] [ApplicationEvent] Event received: MouseMovedEvent: (685.000000, 446.000000)
[2025-07-03 14:21:45.536] [debug] [ImguiLayer] Mouse Moved: (685, 446)
[2025-07-03 14:21:45.536] [info] [WindowsWindow] Mouse moved to (685, 447) in window KnightEngine
[2025-07-03 14:21:45.537] [info] [ApplicationEvent] Event received: MouseMovedEvent: (685.000000, 447.000000)
[2025-07-03 14:21:45.537] [debug] [ImguiLayer] Mouse Moved: (685, 447)
[2025-07-03 14:21:45.537] [info] [WindowsWindow] Mouse moved to (684, 448) in window KnightEngine
[2025-07-03 14:21:45.538] [info] [ApplicationEvent] Event received: MouseMovedEvent: (684.000000, 448.000000)
[2025-07-03 14:21:45.538] [debug] [ImguiLayer] Mouse Moved: (684, 448)
[2025-07-03 14:21:45.540] [info] [WindowsWindow] Mouse moved to (684, 450) in window KnightEngine
[2025-07-03 14:21:45.541] [info] [ApplicationEvent] Event received: MouseMovedEvent: (684.000000, 450.000000)
[2025-07-03 14:21:45.541] [debug] [ImguiLayer] Mouse Moved: (684, 450)
[2025-07-03 14:21:45.542] [info] [WindowsWindow] Mouse moved to (684, 451) in window KnightEngine
[2025-07-03 14:21:45.542] [info] [ApplicationEvent] Event received: MouseMovedEvent: (684.000000, 451.000000)
[2025-07-03 14:21:45.543] [debug] [ImguiLayer] Mouse Moved: (684, 451)
[2025-07-03 14:21:45.545] [info] [WindowsWindow] Mouse moved to (684, 455) in window KnightEngine
[2025-07-03 14:21:45.545] [info] [ApplicationEvent] Event received: MouseMovedEvent: (684.000000, 455.000000)
[2025-07-03 14:21:45.546] [debug] [ImguiLayer] Mouse Moved: (684, 455)
[2025-07-03 14:21:45.550] [info] [WindowsWindow] Mouse moved to (684, 460) in window KnightEngine
[2025-07-03 14:21:45.551] [info] [ApplicationEvent] Event received: MouseMovedEvent: (684.000000, 460.000000)
[2025-07-03 14:21:45.551] [debug] [ImguiLayer] Mouse Moved: (684, 460)
[2025-07-03 14:21:45.552] [info] [WindowsWindow] Mouse moved to (684, 462) in window KnightEngine
[2025-07-03 14:21:45.552] [info] [ApplicationEvent] Event received: MouseMovedEvent: (684.000000, 462.000000)
[2025-07-03 14:21:45.553] [debug] [ImguiLayer] Mouse Moved: (684, 462)
[2025-07-03 14:21:45.554] [info] [WindowsWindow] Mouse moved to (683, 466) in window KnightEngine
[2025-07-03 14:21:45.554] [info] [ApplicationEvent] Event received: MouseMovedEvent: (683.000000, 466.000000)
[2025-07-03 14:21:45.555] [debug] [ImguiLayer] Mouse Moved: (683, 466)
[2025-07-03 14:21:45.558] [info] [WindowsWindow] Mouse moved to (683, 469) in window KnightEngine
[2025-07-03 14:21:45.559] [info] [ApplicationEvent] Event received: MouseMovedEvent: (683.000000, 469.000000)
[2025-07-03 14:21:45.559] [debug] [ImguiLayer] Mouse Moved: (683, 469)
[2025-07-03 14:21:45.559] [info] [WindowsWindow] Mouse moved to (683, 471) in window KnightEngine
[2025-07-03 14:21:45.560] [info] [ApplicationEvent] Event received: MouseMovedEvent: (683.000000, 471.000000)
[2025-07-03 14:21:45.560] [debug] [ImguiLayer] Mouse Moved: (683, 471)
[2025-07-03 14:21:45.562] [info] [WindowsWindow] Mouse moved to (683, 476) in window KnightEngine
[2025-07-03 14:21:45.563] [info] [ApplicationEvent] Event received: MouseMovedEvent: (683.000000, 476.000000)
[2025-07-03 14:21:45.563] [debug] [ImguiLayer] Mouse Moved: (683, 476)
[2025-07-03 14:21:45.567] [info] [ApplicationEvent] Event received: MouseScrolledEvent: (0.000000, -1.000000)
[2025-07-03 14:21:45.568] [debug] [ImguiLayer] Mouse Scrolled: (0, -1)
[2025-07-03 14:21:45.568] [info] [WindowsWindow] Mouse scrolled by (0, -1) in window KnightEngine
[2025-07-03 14:21:45.568] [info] [WindowsWindow] Mouse moved to (683, 480) in window KnightEngine
[2025-07-03 14:21:45.569] [info] [ApplicationEvent] Event received: MouseMovedEvent: (683.000000, 480.000000)
[2025-07-03 14:21:45.569] [debug] [ImguiLayer] Mouse Moved: (683, 480)
[2025-07-03 14:21:45.569] [info] [WindowsWindow] Mouse moved to (683, 481) in window KnightEngine
[2025-07-03 14:21:45.570] [info] [ApplicationEvent] Event received: MouseMovedEvent: (683.000000, 481.000000)
[2025-07-03 14:21:45.570] [debug] [ImguiLayer] Mouse Moved: (683, 481)
[2025-07-03 14:21:45.572] [info] [WindowsWindow] Mouse moved to (683, 485) in window KnightEngine
[2025-07-03 14:21:45.573] [info] [ApplicationEvent] Event received: MouseMovedEvent: (683.000000, 485.000000)
[2025-07-03 14:21:45.573] [debug] [ImguiLayer] Mouse Moved: (683, 485)
[2025-07-03 14:21:45.573] [info] [WindowsWindow] Mouse moved to (683, 486) in window KnightEngine
[2025-07-03 14:21:45.574] [info] [ApplicationEvent] Event received: MouseMovedEvent: (683.000000, 486.000000)
[2025-07-03 14:21:45.574] [debug] [ImguiLayer] Mouse Moved: (683, 486)
[2025-07-03 14:21:45.576] [info] [WindowsWindow] Mouse moved to (683, 489) in window KnightEngine
[2025-07-03 14:21:45.576] [info] [ApplicationEvent] Event received: MouseMovedEvent: (683.000000, 489.000000)
[2025-07-03 14:21:45.576] [debug] [ImguiLayer] Mouse Moved: (683, 489)
[2025-07-03 14:21:45.577] [info] [ApplicationEvent] Event received: MouseScrolledEvent: (0.000000, -1.000000)
[2025-07-03 14:21:45.577] [debug] [ImguiLayer] Mouse Scrolled: (0, -1)
[2025-07-03 14:21:45.577] [info] [WindowsWindow] Mouse scrolled by (0, -1) in window KnightEngine
[2025-07-03 14:21:45.579] [info] [WindowsWindow] Mouse moved to (683, 491) in window KnightEngine
[2025-07-03 14:21:45.579] [info] [ApplicationEvent] Event received: MouseMovedEvent: (683.000000, 491.000000)
[2025-07-03 14:21:45.580] [debug] [ImguiLayer] Mouse Moved: (683, 491)
[2025-07-03 14:21:45.583] [info] [WindowsWindow] Mouse moved to (683, 494) in window KnightEngine
[2025-07-03 14:21:45.583] [info] [ApplicationEvent] Event received: MouseMovedEvent: (683.000000, 494.000000)
[2025-07-03 14:21:45.584] [debug] [ImguiLayer] Mouse Moved: (683, 494)
[2025-07-03 14:21:45.587] [info] [ApplicationEvent] Event received: MouseScrolledEvent: (0.000000, -1.000000)
[2025-07-03 14:21:45.588] [debug] [ImguiLayer] Mouse Scrolled: (0, -1)
[2025-07-03 14:21:45.588] [info] [WindowsWindow] Mouse scrolled by (0, -1) in window KnightEngine
[2025-07-03 14:21:45.589] [info] [WindowsWindow] Mouse moved to (683, 495) in window KnightEngine
[2025-07-03 14:21:45.589] [info] [ApplicationEvent] Event received: MouseMovedEvent: (683.000000, 495.000000)
[2025-07-03 14:21:45.590] [debug] [ImguiLayer] Mouse Moved: (683, 495)
[2025-07-03 14:21:45.596] [info] [ApplicationEvent] Event received: MouseScrolledEvent: (0.000000, -1.000000)
[2025-07-03 14:21:45.596] [debug] [ImguiLayer] Mouse Scrolled: (0, -1)
[2025-07-03 14:21:45.597] [info] [WindowsWindow] Mouse scrolled by (0, -1) in window KnightEngine
[2025-07-03 14:21:45.597] [info] [WindowsWindow] Mouse moved to (683, 496) in window KnightEngine
[2025-07-03 14:21:45.597] [info] [ApplicationEvent] Event received: MouseMovedEvent: (683.000000, 496.000000)
[2025-07-03 14:21:45.598] [debug] [ImguiLayer] Mouse Moved: (683, 496)
[2025-07-03 14:21:45.603] [info] [ApplicationEvent] Event received: MouseScrolledEvent: (0.000000, -1.000000)
[2025-07-03 14:21:45.604] [debug] [ImguiLayer] Mouse Scrolled: (0, -1)
[2025-07-03 14:21:45.604] [info] [WindowsWindow] Mouse scrolled by (0, -1) in window KnightEngine
[2025-07-03 14:21:45.620] [info] [WindowsWindow] Mouse moved to (683, 497) in window KnightEngine
[2025-07-03 14:21:45.620] [info] [ApplicationEvent] Event received: MouseMovedEvent: (683.000000, 497.000000)
[2025-07-03 14:21:45.621] [debug] [ImguiLayer] Mouse Moved: (683, 497)
[2025-07-03 14:21:45.625] [info] [WindowsWindow] Mouse moved to (684, 499) in window KnightEngine
[2025-07-03 14:21:45.625] [info] [ApplicationEvent] Event received: MouseMovedEvent: (684.000000, 499.000000)
[2025-07-03 14:21:45.625] [debug] [ImguiLayer] Mouse Moved: (684, 499)
[2025-07-03 14:21:45.631] [info] [WindowsWindow] Mouse moved to (685, 500) in window KnightEngine
[2025-07-03 14:21:45.631] [info] [ApplicationEvent] Event received: MouseMovedEvent: (685.000000, 500.000000)
[2025-07-03 14:21:45.632] [debug] [ImguiLayer] Mouse Moved: (685, 500)
[2025-07-03 14:21:45.632] [info] [WindowsWindow] Mouse moved to (685, 501) in window KnightEngine
[2025-07-03 14:21:45.632] [info] [ApplicationEvent] Event received: MouseMovedEvent: (685.000000, 501.000000)
[2025-07-03 14:21:45.632] [debug] [ImguiLayer] Mouse Moved: (685, 501)
[2025-07-03 14:21:45.634] [info] [WindowsWindow] Mouse moved to (685, 502) in window KnightEngine
[2025-07-03 14:21:45.634] [info] [ApplicationEvent] Event received: MouseMovedEvent: (685.000000, 502.000000)
[2025-07-03 14:21:45.635] [debug] [ImguiLayer] Mouse Moved: (685, 502)
[2025-07-03 14:21:45.641] [info] [WindowsWindow] Mouse moved to (686, 502) in window KnightEngine
[2025-07-03 14:21:45.641] [info] [ApplicationEvent] Event received: MouseMovedEvent: (686.000000, 502.000000)
[2025-07-03 14:21:45.642] [debug] [ImguiLayer] Mouse Moved: (686, 502)
[2025-07-03 14:21:45.645] [info] [WindowsWindow] Mouse moved to (686, 503) in window KnightEngine
[2025-07-03 14:21:45.645] [info] [ApplicationEvent] Event received: MouseMovedEvent: (686.000000, 503.000000)
[2025-07-03 14:21:45.646] [debug] [ImguiLayer] Mouse Moved: (686, 503)
[2025-07-03 14:21:45.822] [info] [WindowsWindow] Mouse moved to (686, 506) in window KnightEngine
[2025-07-03 14:21:45.823] [info] [ApplicationEvent] Event received: MouseMovedEvent: (686.000000, 506.000000)
[2025-07-03 14:21:45.823] [debug] [ImguiLayer] Mouse Moved: (686, 506)
[2025-07-03 14:21:45.823] [info] [WindowsWindow] Mouse moved to (686, 507) in window KnightEngine
[2025-07-03 14:21:45.824] [info] [ApplicationEvent] Event received: MouseMovedEvent: (686.000000, 507.000000)
[2025-07-03 14:21:45.824] [debug] [ImguiLayer] Mouse Moved: (686, 507)
[2025-07-03 14:21:45.824] [info] [ApplicationEvent] Event received: MouseScrolledEvent: (0.000000, -1.000000)
[2025-07-03 14:21:45.825] [debug] [ImguiLayer] Mouse Scrolled: (0, -1)
[2025-07-03 14:21:45.825] [info] [WindowsWindow] Mouse scrolled by (0, -1) in window KnightEngine
[2025-07-03 14:21:45.825] [info] [WindowsWindow] Mouse moved to (686, 508) in window KnightEngine
[2025-07-03 14:21:45.826] [info] [ApplicationEvent] Event received: MouseMovedEvent: (686.000000, 508.000000)
[2025-07-03 14:21:45.826] [debug] [ImguiLayer] Mouse Moved: (686, 508)
[2025-07-03 14:21:45.826] [info] [WindowsWindow] Mouse moved to (686, 509) in window KnightEngine
[2025-07-03 14:21:45.826] [info] [ApplicationEvent] Event received: MouseMovedEvent: (686.000000, 509.000000)
[2025-07-03 14:21:45.827] [debug] [ImguiLayer] Mouse Moved: (686, 509)
[2025-07-03 14:21:45.827] [info] [WindowsWindow] Mouse moved to (686, 510) in window KnightEngine
[2025-07-03 14:21:45.827] [info] [ApplicationEvent] Event received: MouseMovedEvent: (686.000000, 510.000000)
[2025-07-03 14:21:45.827] [debug] [ImguiLayer] Mouse Moved: (686, 510)
[2025-07-03 14:21:45.828] [info] [WindowsWindow] Mouse moved to (686, 511) in window KnightEngine
[2025-07-03 14:21:45.828] [info] [ApplicationEvent] Event received: MouseMovedEvent: (686.000000, 511.000000)
[2025-07-03 14:21:45.828] [debug] [ImguiLayer] Mouse Moved: (686, 511)
[2025-07-03 14:21:45.828] [info] [WindowsWindow] Mouse moved to (686, 512) in window KnightEngine
[2025-07-03 14:21:45.829] [info] [ApplicationEvent] Event received: MouseMovedEvent: (686.000000, 512.000000)
[2025-07-03 14:21:45.829] [debug] [ImguiLayer] Mouse Moved: (686, 512)
[2025-07-03 14:21:45.829] [info] [WindowsWindow] Mouse moved to (686, 513) in window KnightEngine
[2025-07-03 14:21:45.830] [info] [ApplicationEvent] Event received: MouseMovedEvent: (686.000000, 513.000000)
[2025-07-03 14:21:45.830] [debug] [ImguiLayer] Mouse Moved: (686, 513)
[2025-07-03 14:21:45.835] [info] [ApplicationEvent] Event received: MouseScrolledEvent: (0.000000, -1.000000)
[2025-07-03 14:21:45.836] [debug] [ImguiLayer] Mouse Scrolled: (0, -1)
[2025-07-03 14:21:45.836] [info] [WindowsWindow] Mouse scrolled by (0, -1) in window KnightEngine
[2025-07-03 14:21:45.836] [info] [WindowsWindow] Mouse moved to (686, 522) in window KnightEngine
[2025-07-03 14:21:45.837] [info] [ApplicationEvent] Event received: MouseMovedEvent: (686.000000, 522.000000)
[2025-07-03 14:21:45.837] [debug] [ImguiLayer] Mouse Moved: (686, 522)
[2025-07-03 14:21:45.837] [info] [WindowsWindow] Mouse moved to (686, 524) in window KnightEngine
[2025-07-03 14:21:45.838] [info] [ApplicationEvent] Event received: MouseMovedEvent: (686.000000, 524.000000)
[2025-07-03 14:21:45.838] [debug] [ImguiLayer] Mouse Moved: (686, 524)
[2025-07-03 14:21:45.839] [info] [WindowsWindow] Mouse moved to (686, 526) in window KnightEngine
[2025-07-03 14:21:45.839] [info] [ApplicationEvent] Event received: MouseMovedEvent: (686.000000, 526.000000)
[2025-07-03 14:21:45.839] [debug] [ImguiLayer] Mouse Moved: (686, 526)
[2025-07-03 14:21:45.840] [info] [WindowsWindow] Mouse moved to (686, 527) in window KnightEngine
[2025-07-03 14:21:45.840] [info] [ApplicationEvent] Event received: MouseMovedEvent: (686.000000, 527.000000)
[2025-07-03 14:21:45.841] [debug] [ImguiLayer] Mouse Moved: (686, 527)
[2025-07-03 14:21:45.842] [info] [WindowsWindow] Mouse moved to (686, 532) in window KnightEngine
[2025-07-03 14:21:45.842] [info] [ApplicationEvent] Event received: MouseMovedEvent: (686.000000, 532.000000)
[2025-07-03 14:21:45.843] [debug] [ImguiLayer] Mouse Moved: (686, 532)
[2025-07-03 14:21:45.846] [info] [WindowsWindow] Mouse moved to (685, 533) in window KnightEngine
[2025-07-03 14:21:45.846] [info] [ApplicationEvent] Event received: MouseMovedEvent: (685.000000, 533.000000)
[2025-07-03 14:21:45.846] [debug] [ImguiLayer] Mouse Moved: (685, 533)
[2025-07-03 14:21:45.854] [info] [ApplicationEvent] Event received: MouseScrolledEvent: (0.000000, -1.000000)
[2025-07-03 14:21:45.854] [debug] [ImguiLayer] Mouse Scrolled: (0, -1)
[2025-07-03 14:21:45.855] [info] [WindowsWindow] Mouse scrolled by (0, -1) in window KnightEngine
[2025-07-03 14:21:45.866] [info] [ApplicationEvent] Event received: MouseScrolledEvent: (0.000000, -1.000000)
[2025-07-03 14:21:45.866] [debug] [ImguiLayer] Mouse Scrolled: (0, -1)
[2025-07-03 14:21:45.867] [info] [WindowsWindow] Mouse scrolled by (0, -1) in window KnightEngine
[2025-07-03 14:21:45.883] [info] [ApplicationEvent] Event received: MouseScrolledEvent: (0.000000, 1.000000)
[2025-07-03 14:21:45.883] [debug] [ImguiLayer] Mouse Scrolled: (0, 1)
[2025-07-03 14:21:45.884] [info] [WindowsWindow] Mouse scrolled by (0, 1) in window KnightEngine
[2025-07-03 14:21:46.062] [info] [WindowsWindow] Mouse moved to (685, 534) in window KnightEngine
[2025-07-03 14:21:46.063] [info] [ApplicationEvent] Event received: MouseMovedEvent: (685.000000, 534.000000)
[2025-07-03 14:21:46.064] [debug] [ImguiLayer] Mouse Moved: (685, 534)
[2025-07-03 14:21:46.067] [info] [WindowsWindow] Mouse moved to (685, 536) in window KnightEngine
[2025-07-03 14:21:46.067] [info] [ApplicationEvent] Event received: MouseMovedEvent: (685.000000, 536.000000)
[2025-07-03 14:21:46.068] [debug] [ImguiLayer] Mouse Moved: (685, 536)
[2025-07-03 14:21:46.072] [info] [ApplicationEvent] Event received: MouseScrolledEvent: (0.000000, -1.000000)
[2025-07-03 14:21:46.073] [debug] [ImguiLayer] Mouse Scrolled: (0, -1)
[2025-07-03 14:21:46.073] [info] [WindowsWindow] Mouse scrolled by (0, -1) in window KnightEngine
[2025-07-03 14:21:46.074] [info] [WindowsWindow] Mouse moved to (685, 539) in window KnightEngine
[2025-07-03 14:21:46.074] [info] [ApplicationEvent] Event received: MouseMovedEvent: (685.000000, 539.000000)
[2025-07-03 14:21:46.075] [debug] [ImguiLayer] Mouse Moved: (685, 539)
[2025-07-03 14:21:46.078] [info] [WindowsWindow] Mouse moved to (684, 540) in window KnightEngine
[2025-07-03 14:21:46.078] [info] [ApplicationEvent] Event received: MouseMovedEvent: (684.000000, 540.000000)
[2025-07-03 14:21:46.079] [debug] [ImguiLayer] Mouse Moved: (684, 540)
[2025-07-03 14:21:46.080] [info] [WindowsWindow] Mouse moved to (684, 541) in window KnightEngine
[2025-07-03 14:21:46.080] [info] [ApplicationEvent] Event received: MouseMovedEvent: (684.000000, 541.000000)
[2025-07-03 14:21:46.081] [debug] [ImguiLayer] Mouse Moved: (684, 541)
[2025-07-03 14:21:46.083] [info] [WindowsWindow] Mouse moved to (684, 543) in window KnightEngine
[2025-07-03 14:21:46.084] [info] [ApplicationEvent] Event received: MouseMovedEvent: (684.000000, 543.000000)
[2025-07-03 14:21:46.084] [debug] [ImguiLayer] Mouse Moved: (684, 543)
[2025-07-03 14:21:46.095] [info] [ApplicationEvent] Event received: MouseScrolledEvent: (0.000000, -1.000000)
[2025-07-03 14:21:46.096] [debug] [ImguiLayer] Mouse Scrolled: (0, -1)
[2025-07-03 14:21:46.096] [info] [WindowsWindow] Mouse scrolled by (0, -1) in window KnightEngine
[2025-07-03 14:21:46.103] [info] [ApplicationEvent] Event received: MouseScrolledEvent: (0.000000, -1.000000)
[2025-07-03 14:21:46.104] [debug] [ImguiLayer] Mouse Scrolled: (0, -1)
[2025-07-03 14:21:46.105] [info] [WindowsWindow] Mouse scrolled by (0, -1) in window KnightEngine
[2025-07-03 14:21:46.112] [info] [ApplicationEvent] Event received: MouseScrolledEvent: (0.000000, -1.000000)
[2025-07-03 14:21:46.112] [debug] [ImguiLayer] Mouse Scrolled: (0, -1)
[2025-07-03 14:21:46.113] [info] [WindowsWindow] Mouse scrolled by (0, -1) in window KnightEngine
[2025-07-03 14:21:46.125] [info] [WindowsWindow] Mouse moved to (684, 544) in window KnightEngine
[2025-07-03 14:21:46.126] [info] [ApplicationEvent] Event received: MouseMovedEvent: (684.000000, 544.000000)
[2025-07-03 14:21:46.126] [debug] [ImguiLayer] Mouse Moved: (684, 544)
[2025-07-03 14:21:46.272] [info] [WindowsWindow] Mouse moved to (684, 543) in window KnightEngine
[2025-07-03 14:21:46.272] [info] [ApplicationEvent] Event received: MouseMovedEvent: (684.000000, 543.000000)
[2025-07-03 14:21:46.273] [debug] [ImguiLayer] Mouse Moved: (684, 543)
[2025-07-03 14:21:46.314] [info] [ApplicationEvent] Event received: MouseScrolledEvent: (0.000000, -1.000000)
[2025-07-03 14:21:46.315] [debug] [ImguiLayer] Mouse Scrolled: (0, -1)
[2025-07-03 14:21:46.315] [info] [WindowsWindow] Mouse scrolled by (0, -1) in window KnightEngine
[2025-07-03 14:21:46.315] [info] [WindowsWindow] Mouse moved to (684, 544) in window KnightEngine
[2025-07-03 14:21:46.315] [info] [ApplicationEvent] Event received: MouseMovedEvent: (684.000000, 544.000000)
[2025-07-03 14:21:46.315] [debug] [ImguiLayer] Mouse Moved: (684, 544)
[2025-07-03 14:21:46.316] [info] [WindowsWindow] Mouse moved to (684, 545) in window KnightEngine
[2025-07-03 14:21:46.316] [info] [ApplicationEvent] Event received: MouseMovedEvent: (684.000000, 545.000000)
[2025-07-03 14:21:46.316] [debug] [ImguiLayer] Mouse Moved: (684, 545)
[2025-07-03 14:21:46.318] [info] [WindowsWindow] Mouse moved to (683, 546) in window KnightEngine
[2025-07-03 14:21:46.318] [info] [ApplicationEvent] Event received: MouseMovedEvent: (683.000000, 546.000000)
[2025-07-03 14:21:46.319] [debug] [ImguiLayer] Mouse Moved: (683, 546)
[2025-07-03 14:21:46.326] [info] [WindowsWindow] Mouse moved to (683, 551) in window KnightEngine
[2025-07-03 14:21:46.326] [info] [ApplicationEvent] Event received: MouseMovedEvent: (683.000000, 551.000000)
[2025-07-03 14:21:46.327] [debug] [ImguiLayer] Mouse Moved: (683, 551)
[2025-07-03 14:21:46.330] [info] [WindowsWindow] Mouse moved to (683, 553) in window KnightEngine
[2025-07-03 14:21:46.331] [info] [ApplicationEvent] Event received: MouseMovedEvent: (683.000000, 553.000000)
[2025-07-03 14:21:46.331] [debug] [ImguiLayer] Mouse Moved: (683, 553)
[2025-07-03 14:21:46.334] [info] [ApplicationEvent] Event received: MouseScrolledEvent: (0.000000, 1.000000)
[2025-07-03 14:21:46.334] [debug] [ImguiLayer] Mouse Scrolled: (0, 1)
[2025-07-03 14:21:46.335] [info] [WindowsWindow] Mouse scrolled by (0, 1) in window KnightEngine
[2025-07-03 14:21:46.335] [info] [WindowsWindow] Mouse moved to (682, 555) in window KnightEngine
[2025-07-03 14:21:46.336] [info] [ApplicationEvent] Event received: MouseMovedEvent: (682.000000, 555.000000)
[2025-07-03 14:21:46.337] [debug] [ImguiLayer] Mouse Moved: (682, 555)
[2025-07-03 14:21:46.345] [info] [ApplicationEvent] Event received: MouseScrolledEvent: (0.000000, -1.000000)
[2025-07-03 14:21:46.345] [debug] [ImguiLayer] Mouse Scrolled: (0, -1)
[2025-07-03 14:21:46.346] [info] [WindowsWindow] Mouse scrolled by (0, -1) in window KnightEngine
[2025-07-03 14:21:46.350] [info] [ApplicationEvent] Event received: MouseScrolledEvent: (0.000000, -1.000000)
[2025-07-03 14:21:46.351] [debug] [ImguiLayer] Mouse Scrolled: (0, -1)
[2025-07-03 14:21:46.351] [info] [WindowsWindow] Mouse scrolled by (0, -1) in window KnightEngine
[2025-07-03 14:21:46.357] [info] [WindowsWindow] Mouse moved to (682, 556) in window KnightEngine
[2025-07-03 14:21:46.358] [info] [ApplicationEvent] Event received: MouseMovedEvent: (682.000000, 556.000000)
[2025-07-03 14:21:46.358] [debug] [ImguiLayer] Mouse Moved: (682, 556)
[2025-07-03 14:21:46.360] [info] [ApplicationEvent] Event received: MouseScrolledEvent: (0.000000, -1.000000)
[2025-07-03 14:21:46.360] [debug] [ImguiLayer] Mouse Scrolled: (0, -1)
[2025-07-03 14:21:46.361] [info] [WindowsWindow] Mouse scrolled by (0, -1) in window KnightEngine
[2025-07-03 14:21:46.366] [info] [ApplicationEvent] Event received: MouseScrolledEvent: (0.000000, -1.000000)
[2025-07-03 14:21:46.366] [debug] [ImguiLayer] Mouse Scrolled: (0, -1)
[2025-07-03 14:21:46.367] [info] [WindowsWindow] Mouse scrolled by (0, -1) in window KnightEngine
[2025-07-03 14:21:46.374] [info] [ApplicationEvent] Event received: MouseScrolledEvent: (0.000000, -1.000000)
[2025-07-03 14:21:46.374] [debug] [ImguiLayer] Mouse Scrolled: (0, -1)
[2025-07-03 14:21:46.375] [info] [WindowsWindow] Mouse scrolled by (0, -1) in window KnightEngine
[2025-07-03 14:21:46.466] [info] [WindowsWindow] Mouse moved to (682, 558) in window KnightEngine
[2025-07-03 14:21:46.467] [info] [ApplicationEvent] Event received: MouseMovedEvent: (682.000000, 558.000000)
[2025-07-03 14:21:46.468] [debug] [ImguiLayer] Mouse Moved: (682, 558)
[2025-07-03 14:21:46.470] [info] [WindowsWindow] Mouse moved to (682, 560) in window KnightEngine
[2025-07-03 14:21:46.471] [info] [ApplicationEvent] Event received: MouseMovedEvent: (682.000000, 560.000000)
[2025-07-03 14:21:46.471] [debug] [ImguiLayer] Mouse Moved: (682, 560)
[2025-07-03 14:21:46.476] [info] [WindowsWindow] Mouse moved to (682, 563) in window KnightEngine
[2025-07-03 14:21:46.476] [info] [ApplicationEvent] Event received: MouseMovedEvent: (682.000000, 563.000000)
[2025-07-03 14:21:46.477] [debug] [ImguiLayer] Mouse Moved: (682, 563)
[2025-07-03 14:21:46.477] [info] [WindowsWindow] Mouse moved to (682, 564) in window KnightEngine
[2025-07-03 14:21:46.478] [info] [ApplicationEvent] Event received: MouseMovedEvent: (682.000000, 564.000000)
[2025-07-03 14:21:46.478] [debug] [ImguiLayer] Mouse Moved: (682, 564)
[2025-07-03 14:21:46.480] [info] [WindowsWindow] Mouse moved to (682, 569) in window KnightEngine
[2025-07-03 14:21:46.480] [info] [ApplicationEvent] Event received: MouseMovedEvent: (682.000000, 569.000000)
[2025-07-03 14:21:46.481] [debug] [ImguiLayer] Mouse Moved: (682, 569)
[2025-07-03 14:21:46.484] [info] [WindowsWindow] Mouse moved to (682, 572) in window KnightEngine
[2025-07-03 14:21:46.485] [info] [ApplicationEvent] Event received: MouseMovedEvent: (682.000000, 572.000000)
[2025-07-03 14:21:46.485] [debug] [ImguiLayer] Mouse Moved: (682, 572)
[2025-07-03 14:21:46.485] [info] [WindowsWindow] Mouse moved to (682, 573) in window KnightEngine
[2025-07-03 14:21:46.486] [info] [ApplicationEvent] Event received: MouseMovedEvent: (682.000000, 573.000000)
[2025-07-03 14:21:46.486] [debug] [ImguiLayer] Mouse Moved: (682, 573)
[2025-07-03 14:21:46.486] [info] [WindowsWindow] Mouse moved to (682, 574) in window KnightEngine
[2025-07-03 14:21:46.487] [info] [ApplicationEvent] Event received: MouseMovedEvent: (682.000000, 574.000000)
[2025-07-03 14:21:46.487] [debug] [ImguiLayer] Mouse Moved: (682, 574)
[2025-07-03 14:21:46.488] [info] [WindowsWindow] Mouse moved to (682, 578) in window KnightEngine
[2025-07-03 14:21:46.489] [info] [ApplicationEvent] Event received: MouseMovedEvent: (682.000000, 578.000000)
[2025-07-03 14:21:46.489] [debug] [ImguiLayer] Mouse Moved: (682, 578)
[2025-07-03 14:21:46.491] [info] [WindowsWindow] Mouse moved to (682, 581) in window KnightEngine
[2025-07-03 14:21:46.492] [info] [ApplicationEvent] Event received: MouseMovedEvent: (682.000000, 581.000000)
[2025-07-03 14:21:46.492] [debug] [ImguiLayer] Mouse Moved: (682, 581)
[2025-07-03 14:21:46.495] [info] [WindowsWindow] Mouse moved to (682, 584) in window KnightEngine
[2025-07-03 14:21:46.496] [info] [ApplicationEvent] Event received: MouseMovedEvent: (682.000000, 584.000000)
[2025-07-03 14:21:46.496] [debug] [ImguiLayer] Mouse Moved: (682, 584)
[2025-07-03 14:21:46.500] [info] [WindowsWindow] Mouse moved to (683, 588) in window KnightEngine
[2025-07-03 14:21:46.500] [info] [ApplicationEvent] Event received: MouseMovedEvent: (683.000000, 588.000000)
[2025-07-03 14:21:46.501] [debug] [ImguiLayer] Mouse Moved: (683, 588)
[2025-07-03 14:21:46.504] [info] [WindowsWindow] Mouse moved to (684, 590) in window KnightEngine
[2025-07-03 14:21:46.504] [info] [ApplicationEvent] Event received: MouseMovedEvent: (684.000000, 590.000000)
[2025-07-03 14:21:46.505] [debug] [ImguiLayer] Mouse Moved: (684, 590)
[2025-07-03 14:21:46.505] [info] [WindowsWindow] Mouse moved to (684, 591) in window KnightEngine
[2025-07-03 14:21:46.505] [info] [ApplicationEvent] Event received: MouseMovedEvent: (684.000000, 591.000000)
[2025-07-03 14:21:46.506] [debug] [ImguiLayer] Mouse Moved: (684, 591)
[2025-07-03 14:21:46.508] [info] [WindowsWindow] Mouse moved to (685, 593) in window KnightEngine
[2025-07-03 14:21:46.509] [info] [ApplicationEvent] Event received: MouseMovedEvent: (685.000000, 593.000000)
[2025-07-03 14:21:46.509] [debug] [ImguiLayer] Mouse Moved: (685, 593)
[2025-07-03 14:21:46.509] [info] [WindowsWindow] Mouse moved to (685, 594) in window KnightEngine
[2025-07-03 14:21:46.509] [info] [ApplicationEvent] Event received: MouseMovedEvent: (685.000000, 594.000000)
[2025-07-03 14:21:46.509] [debug] [ImguiLayer] Mouse Moved: (685, 594)
[2025-07-03 14:21:46.512] [info] [WindowsWindow] Mouse moved to (685, 596) in window KnightEngine
[2025-07-03 14:21:46.513] [info] [ApplicationEvent] Event received: MouseMovedEvent: (685.000000, 596.000000)
[2025-07-03 14:21:46.513] [debug] [ImguiLayer] Mouse Moved: (685, 596)
[2025-07-03 14:21:46.517] [info] [WindowsWindow] Mouse moved to (685, 599) in window KnightEngine
[2025-07-03 14:21:46.518] [info] [ApplicationEvent] Event received: MouseMovedEvent: (685.000000, 599.000000)
[2025-07-03 14:21:46.519] [debug] [ImguiLayer] Mouse Moved: (685, 599)
[2025-07-03 14:21:46.522] [info] [WindowsWindow] Mouse moved to (685, 602) in window KnightEngine
[2025-07-03 14:21:46.523] [info] [ApplicationEvent] Event received: MouseMovedEvent: (685.000000, 602.000000)
[2025-07-03 14:21:46.525] [debug] [ImguiLayer] Mouse Moved: (685, 602)
[2025-07-03 14:21:46.525] [info] [WindowsWindow] Mouse moved to (685, 603) in window KnightEngine
[2025-07-03 14:21:46.526] [info] [ApplicationEvent] Event received: MouseMovedEvent: (685.000000, 603.000000)
[2025-07-03 14:21:46.526] [debug] [ImguiLayer] Mouse Moved: (685, 603)
[2025-07-03 14:21:46.529] [info] [WindowsWindow] Mouse moved to (685, 607) in window KnightEngine
[2025-07-03 14:21:46.530] [info] [ApplicationEvent] Event received: MouseMovedEvent: (685.000000, 607.000000)
[2025-07-03 14:21:46.530] [debug] [ImguiLayer] Mouse Moved: (685, 607)
[2025-07-03 14:21:46.535] [info] [WindowsWindow] Mouse moved to (685, 609) in window KnightEngine
[2025-07-03 14:21:46.535] [info] [ApplicationEvent] Event received: MouseMovedEvent: (685.000000, 609.000000)
[2025-07-03 14:21:46.536] [debug] [ImguiLayer] Mouse Moved: (685, 609)
[2025-07-03 14:21:46.537] [info] [WindowsWindow] Mouse moved to (685, 610) in window KnightEngine
[2025-07-03 14:21:46.537] [info] [ApplicationEvent] Event received: MouseMovedEvent: (685.000000, 610.000000)
[2025-07-03 14:21:46.537] [debug] [ImguiLayer] Mouse Moved: (685, 610)
[2025-07-03 14:21:46.538] [info] [WindowsWindow] Mouse moved to (685, 611) in window KnightEngine
[2025-07-03 14:21:46.538] [info] [ApplicationEvent] Event received: MouseMovedEvent: (685.000000, 611.000000)
[2025-07-03 14:21:46.538] [debug] [ImguiLayer] Mouse Moved: (685, 611)
[2025-07-03 14:21:46.543] [info] [WindowsWindow] Mouse moved to (685, 614) in window KnightEngine
[2025-07-03 14:21:46.543] [info] [ApplicationEvent] Event received: MouseMovedEvent: (685.000000, 614.000000)
[2025-07-03 14:21:46.544] [debug] [ImguiLayer] Mouse Moved: (685, 614)
[2025-07-03 14:21:46.544] [info] [WindowsWindow] Mouse moved to (685, 615) in window KnightEngine
[2025-07-03 14:21:46.545] [info] [ApplicationEvent] Event received: MouseMovedEvent: (685.000000, 615.000000)
[2025-07-03 14:21:46.545] [debug] [ImguiLayer] Mouse Moved: (685, 615)
[2025-07-03 14:21:46.545] [info] [WindowsWindow] Mouse moved to (685, 616) in window KnightEngine
[2025-07-03 14:21:46.545] [info] [ApplicationEvent] Event received: MouseMovedEvent: (685.000000, 616.000000)
[2025-07-03 14:21:46.546] [debug] [ImguiLayer] Mouse Moved: (685, 616)
[2025-07-03 14:21:46.549] [info] [WindowsWindow] Mouse moved to (685, 617) in window KnightEngine
[2025-07-03 14:21:46.549] [info] [ApplicationEvent] Event received: MouseMovedEvent: (685.000000, 617.000000)
[2025-07-03 14:21:46.549] [debug] [ImguiLayer] Mouse Moved: (685, 617)
[2025-07-03 14:21:46.550] [info] [WindowsWindow] Mouse moved to (685, 618) in window KnightEngine
[2025-07-03 14:21:46.550] [info] [ApplicationEvent] Event received: MouseMovedEvent: (685.000000, 618.000000)
[2025-07-03 14:21:46.550] [debug] [ImguiLayer] Mouse Moved: (685, 618)
[2025-07-03 14:21:46.552] [info] [WindowsWindow] Mouse moved to (685, 620) in window KnightEngine
[2025-07-03 14:21:46.552] [info] [ApplicationEvent] Event received: MouseMovedEvent: (685.000000, 620.000000)
[2025-07-03 14:21:46.553] [debug] [ImguiLayer] Mouse Moved: (685, 620)
[2025-07-03 14:21:46.554] [info] [WindowsWindow] Mouse moved to (685, 621) in window KnightEngine
[2025-07-03 14:21:46.555] [info] [ApplicationEvent] Event received: MouseMovedEvent: (685.000000, 621.000000)
[2025-07-03 14:21:46.555] [debug] [ImguiLayer] Mouse Moved: (685, 621)
[2025-07-03 14:21:46.558] [info] [WindowsWindow] Mouse moved to (685, 623) in window KnightEngine
[2025-07-03 14:21:46.559] [info] [ApplicationEvent] Event received: MouseMovedEvent: (685.000000, 623.000000)
[2025-07-03 14:21:46.559] [debug] [ImguiLayer] Mouse Moved: (685, 623)
[2025-07-03 14:21:46.562] [info] [WindowsWindow] Mouse moved to (685, 624) in window KnightEngine
[2025-07-03 14:21:46.562] [info] [ApplicationEvent] Event received: MouseMovedEvent: (685.000000, 624.000000)
[2025-07-03 14:21:46.562] [debug] [ImguiLayer] Mouse Moved: (685, 624)
[2025-07-03 14:21:46.566] [info] [WindowsWindow] Mouse moved to (684, 625) in window KnightEngine
[2025-07-03 14:21:46.567] [info] [ApplicationEvent] Event received: MouseMovedEvent: (684.000000, 625.000000)
[2025-07-03 14:21:46.567] [debug] [ImguiLayer] Mouse Moved: (684, 625)
[2025-07-03 14:21:46.570] [info] [WindowsWindow] Mouse moved to (684, 626) in window KnightEngine
[2025-07-03 14:21:46.570] [info] [ApplicationEvent] Event received: MouseMovedEvent: (684.000000, 626.000000)
[2025-07-03 14:21:46.571] [debug] [ImguiLayer] Mouse Moved: (684, 626)
[2025-07-03 14:21:46.575] [info] [WindowsWindow] Mouse moved to (684, 627) in window KnightEngine
[2025-07-03 14:21:46.576] [info] [ApplicationEvent] Event received: MouseMovedEvent: (684.000000, 627.000000)
[2025-07-03 14:21:46.576] [debug] [ImguiLayer] Mouse Moved: (684, 627)
[2025-07-03 14:21:46.609] [info] [WindowsWindow] Mouse moved to (683, 627) in window KnightEngine
[2025-07-03 14:21:46.609] [info] [ApplicationEvent] Event received: MouseMovedEvent: (683.000000, 627.000000)
[2025-07-03 14:21:46.610] [debug] [ImguiLayer] Mouse Moved: (683, 627)
[2025-07-03 14:21:46.659] [info] [WindowsWindow] Mouse moved to (683, 628) in window KnightEngine
[2025-07-03 14:21:46.660] [info] [ApplicationEvent] Event received: MouseMovedEvent: (683.000000, 628.000000)
[2025-07-03 14:21:46.660] [debug] [ImguiLayer] Mouse Moved: (683, 628)
[2025-07-03 14:21:46.661] [info] [WindowsWindow] Mouse moved to (682, 628) in window KnightEngine
[2025-07-03 14:21:46.661] [info] [ApplicationEvent] Event received: MouseMovedEvent: (682.000000, 628.000000)
[2025-07-03 14:21:46.662] [debug] [ImguiLayer] Mouse Moved: (682, 628)
[2025-07-03 14:21:46.670] [info] [WindowsWindow] Mouse moved to (681, 628) in window KnightEngine
[2025-07-03 14:21:46.671] [info] [ApplicationEvent] Event received: MouseMovedEvent: (681.000000, 628.000000)
[2025-07-03 14:21:46.671] [debug] [ImguiLayer] Mouse Moved: (681, 628)
[2025-07-03 14:21:46.675] [info] [WindowsWindow] Mouse moved to (681, 629) in window KnightEngine
[2025-07-03 14:21:46.675] [info] [ApplicationEvent] Event received: MouseMovedEvent: (681.000000, 629.000000)
[2025-07-03 14:21:46.675] [debug] [ImguiLayer] Mouse Moved: (681, 629)
[2025-07-03 14:21:46.689] [info] [WindowsWindow] Mouse moved to (681, 630) in window KnightEngine
[2025-07-03 14:21:46.689] [info] [ApplicationEvent] Event received: MouseMovedEvent: (681.000000, 630.000000)
[2025-07-03 14:21:46.689] [debug] [ImguiLayer] Mouse Moved: (681, 630)
[2025-07-03 14:21:46.701] [info] [WindowsWindow] Mouse moved to (680, 631) in window KnightEngine
[2025-07-03 14:21:46.702] [info] [ApplicationEvent] Event received: MouseMovedEvent: (680.000000, 631.000000)
[2025-07-03 14:21:46.702] [debug] [ImguiLayer] Mouse Moved: (680, 631)
[2025-07-03 14:21:46.704] [info] [WindowsWindow] Mouse moved to (680, 632) in window KnightEngine
[2025-07-03 14:21:46.705] [info] [ApplicationEvent] Event received: MouseMovedEvent: (680.000000, 632.000000)
[2025-07-03 14:21:46.705] [debug] [ImguiLayer] Mouse Moved: (680, 632)
[2025-07-03 14:21:46.713] [info] [WindowsWindow] Mouse moved to (680, 633) in window KnightEngine
[2025-07-03 14:21:46.713] [info] [ApplicationEvent] Event received: MouseMovedEvent: (680.000000, 633.000000)
[2025-07-03 14:21:46.714] [debug] [ImguiLayer] Mouse Moved: (680, 633)
[2025-07-03 14:21:46.716] [info] [WindowsWindow] Mouse moved to (679, 634) in window KnightEngine
[2025-07-03 14:21:46.717] [info] [ApplicationEvent] Event received: MouseMovedEvent: (679.000000, 634.000000)
[2025-07-03 14:21:46.717] [debug] [ImguiLayer] Mouse Moved: (679, 634)
[2025-07-03 14:21:46.721] [info] [WindowsWindow] Mouse moved to (678, 634) in window KnightEngine
[2025-07-03 14:21:46.721] [info] [ApplicationEvent] Event received: MouseMovedEvent: (678.000000, 634.000000)
[2025-07-03 14:21:46.722] [debug] [ImguiLayer] Mouse Moved: (678, 634)
[2025-07-03 14:21:46.726] [info] [WindowsWindow] Mouse moved to (678, 635) in window KnightEngine
[2025-07-03 14:21:46.726] [info] [ApplicationEvent] Event received: MouseMovedEvent: (678.000000, 635.000000)
[2025-07-03 14:21:46.727] [debug] [ImguiLayer] Mouse Moved: (678, 635)
[2025-07-03 14:21:46.729] [info] [WindowsWindow] Mouse moved to (677, 636) in window KnightEngine
[2025-07-03 14:21:46.730] [info] [ApplicationEvent] Event received: MouseMovedEvent: (677.000000, 636.000000)
[2025-07-03 14:21:46.730] [debug] [ImguiLayer] Mouse Moved: (677, 636)
[2025-07-03 14:21:46.737] [info] [WindowsWindow] Mouse moved to (677, 637) in window KnightEngine
[2025-07-03 14:21:46.738] [info] [ApplicationEvent] Event received: MouseMovedEvent: (677.000000, 637.000000)
[2025-07-03 14:21:46.738] [debug] [ImguiLayer] Mouse Moved: (677, 637)
[2025-07-03 14:21:46.751] [info] [WindowsWindow] Mouse moved to (677, 638) in window KnightEngine
[2025-07-03 14:21:46.751] [info] [ApplicationEvent] Event received: MouseMovedEvent: (677.000000, 638.000000)
[2025-07-03 14:21:46.752] [debug] [ImguiLayer] Mouse Moved: (677, 638)
[2025-07-03 14:21:46.754] [info] [WindowsWindow] Mouse moved to (676, 639) in window KnightEngine
[2025-07-03 14:21:46.755] [info] [ApplicationEvent] Event received: MouseMovedEvent: (676.000000, 639.000000)
[2025-07-03 14:21:46.755] [debug] [ImguiLayer] Mouse Moved: (676, 639)
[2025-07-03 14:21:46.758] [info] [WindowsWindow] Mouse moved to (676, 640) in window KnightEngine
[2025-07-03 14:21:46.759] [info] [ApplicationEvent] Event received: MouseMovedEvent: (676.000000, 640.000000)
[2025-07-03 14:21:46.759] [debug] [ImguiLayer] Mouse Moved: (676, 640)
[2025-07-03 14:21:46.763] [info] [WindowsWindow] Mouse moved to (676, 642) in window KnightEngine
[2025-07-03 14:21:46.763] [info] [ApplicationEvent] Event received: MouseMovedEvent: (676.000000, 642.000000)
[2025-07-03 14:21:46.764] [debug] [ImguiLayer] Mouse Moved: (676, 642)
[2025-07-03 14:21:46.766] [info] [WindowsWindow] Mouse moved to (676, 644) in window KnightEngine
[2025-07-03 14:21:46.767] [info] [ApplicationEvent] Event received: MouseMovedEvent: (676.000000, 644.000000)
[2025-07-03 14:21:46.767] [debug] [ImguiLayer] Mouse Moved: (676, 644)
[2025-07-03 14:21:46.771] [info] [WindowsWindow] Mouse moved to (676, 646) in window KnightEngine
[2025-07-03 14:21:46.771] [info] [ApplicationEvent] Event received: MouseMovedEvent: (676.000000, 646.000000)
[2025-07-03 14:21:46.771] [debug] [ImguiLayer] Mouse Moved: (676, 646)
[2025-07-03 14:21:46.775] [info] [WindowsWindow] Mouse moved to (676, 649) in window KnightEngine
[2025-07-03 14:21:46.776] [info] [ApplicationEvent] Event received: MouseMovedEvent: (676.000000, 649.000000)
[2025-07-03 14:21:46.776] [debug] [ImguiLayer] Mouse Moved: (676, 649)
[2025-07-03 14:21:46.780] [info] [WindowsWindow] Mouse moved to (676, 652) in window KnightEngine
[2025-07-03 14:21:46.780] [info] [ApplicationEvent] Event received: MouseMovedEvent: (676.000000, 652.000000)
[2025-07-03 14:21:46.780] [debug] [ImguiLayer] Mouse Moved: (676, 652)
[2025-07-03 14:21:46.785] [info] [WindowsWindow] Mouse moved to (676, 653) in window KnightEngine
[2025-07-03 14:21:46.786] [info] [ApplicationEvent] Event received: MouseMovedEvent: (676.000000, 653.000000)
[2025-07-03 14:21:46.786] [debug] [ImguiLayer] Mouse Moved: (676, 653)
[2025-07-03 14:21:46.787] [info] [WindowsWindow] Mouse moved to (676, 654) in window KnightEngine
[2025-07-03 14:21:46.787] [info] [ApplicationEvent] Event received: MouseMovedEvent: (676.000000, 654.000000)
[2025-07-03 14:21:46.787] [debug] [ImguiLayer] Mouse Moved: (676, 654)
[2025-07-03 14:21:46.788] [info] [WindowsWindow] Mouse moved to (676, 655) in window KnightEngine
[2025-07-03 14:21:46.788] [info] [ApplicationEvent] Event received: MouseMovedEvent: (676.000000, 655.000000)
[2025-07-03 14:21:46.788] [debug] [ImguiLayer] Mouse Moved: (676, 655)
[2025-07-03 14:21:46.791] [info] [WindowsWindow] Mouse moved to (676, 656) in window KnightEngine
[2025-07-03 14:21:46.792] [info] [ApplicationEvent] Event received: MouseMovedEvent: (676.000000, 656.000000)
[2025-07-03 14:21:46.793] [debug] [ImguiLayer] Mouse Moved: (676, 656)
[2025-07-03 14:21:46.794] [info] [WindowsWindow] Mouse moved to (676, 657) in window KnightEngine
[2025-07-03 14:21:46.794] [info] [ApplicationEvent] Event received: MouseMovedEvent: (676.000000, 657.000000)
[2025-07-03 14:21:46.794] [debug] [ImguiLayer] Mouse Moved: (676, 657)
[2025-07-03 14:21:46.797] [info] [WindowsWindow] Mouse moved to (675, 658) in window KnightEngine
[2025-07-03 14:21:46.797] [info] [ApplicationEvent] Event received: MouseMovedEvent: (675.000000, 658.000000)
[2025-07-03 14:21:46.797] [debug] [ImguiLayer] Mouse Moved: (675, 658)
[2025-07-03 14:21:46.800] [info] [WindowsWindow] Mouse moved to (675, 659) in window KnightEngine
[2025-07-03 14:21:46.800] [info] [ApplicationEvent] Event received: MouseMovedEvent: (675.000000, 659.000000)
[2025-07-03 14:21:46.801] [debug] [ImguiLayer] Mouse Moved: (675, 659)
[2025-07-03 14:21:46.804] [info] [WindowsWindow] Mouse moved to (675, 660) in window KnightEngine
[2025-07-03 14:21:46.804] [info] [ApplicationEvent] Event received: MouseMovedEvent: (675.000000, 660.000000)
[2025-07-03 14:21:46.805] [debug] [ImguiLayer] Mouse Moved: (675, 660)
[2025-07-03 14:21:46.813] [info] [WindowsWindow] Mouse moved to (675, 661) in window KnightEngine
[2025-07-03 14:21:46.814] [info] [ApplicationEvent] Event received: MouseMovedEvent: (675.000000, 661.000000)
[2025-07-03 14:21:46.814] [debug] [ImguiLayer] Mouse Moved: (675, 661)
[2025-07-03 14:21:46.826] [info] [WindowsWindow] Mouse moved to (674, 662) in window KnightEngine
[2025-07-03 14:21:46.826] [info] [ApplicationEvent] Event received: MouseMovedEvent: (674.000000, 662.000000)
[2025-07-03 14:21:46.826] [debug] [ImguiLayer] Mouse Moved: (674, 662)
[2025-07-03 14:21:46.830] [info] [WindowsWindow] Mouse moved to (674, 663) in window KnightEngine
[2025-07-03 14:21:46.831] [info] [ApplicationEvent] Event received: MouseMovedEvent: (674.000000, 663.000000)
[2025-07-03 14:21:46.832] [debug] [ImguiLayer] Mouse Moved: (674, 663)
[2025-07-03 14:21:46.842] [info] [WindowsWindow] Mouse moved to (674, 665) in window KnightEngine
[2025-07-03 14:21:46.843] [info] [ApplicationEvent] Event received: MouseMovedEvent: (674.000000, 665.000000)
[2025-07-03 14:21:46.843] [debug] [ImguiLayer] Mouse Moved: (674, 665)
[2025-07-03 14:21:46.846] [info] [WindowsWindow] Mouse moved to (674, 666) in window KnightEngine
[2025-07-03 14:21:46.847] [info] [ApplicationEvent] Event received: MouseMovedEvent: (674.000000, 666.000000)
[2025-07-03 14:21:46.847] [debug] [ImguiLayer] Mouse Moved: (674, 666)
[2025-07-03 14:21:46.850] [info] [WindowsWindow] Mouse moved to (673, 667) in window KnightEngine
[2025-07-03 14:21:46.851] [info] [ApplicationEvent] Event received: MouseMovedEvent: (673.000000, 667.000000)
[2025-07-03 14:21:46.851] [debug] [ImguiLayer] Mouse Moved: (673, 667)
[2025-07-03 14:21:46.851] [info] [WindowsWindow] Mouse moved to (673, 668) in window KnightEngine
[2025-07-03 14:21:46.851] [info] [ApplicationEvent] Event received: MouseMovedEvent: (673.000000, 668.000000)
[2025-07-03 14:21:46.852] [debug] [ImguiLayer] Mouse Moved: (673, 668)
[2025-07-03 14:21:46.854] [info] [WindowsWindow] Mouse moved to (673, 669) in window KnightEngine
[2025-07-03 14:21:46.854] [info] [ApplicationEvent] Event received: MouseMovedEvent: (673.000000, 669.000000)
[2025-07-03 14:21:46.855] [debug] [ImguiLayer] Mouse Moved: (673, 669)
[2025-07-03 14:21:46.858] [info] [WindowsWindow] Mouse moved to (672, 669) in window KnightEngine
[2025-07-03 14:21:46.859] [info] [ApplicationEvent] Event received: MouseMovedEvent: (672.000000, 669.000000)
[2025-07-03 14:21:46.859] [debug] [ImguiLayer] Mouse Moved: (672, 669)
[2025-07-03 14:21:46.862] [info] [WindowsWindow] Mouse moved to (672, 670) in window KnightEngine
[2025-07-03 14:21:46.863] [info] [ApplicationEvent] Event received: MouseMovedEvent: (672.000000, 670.000000)
[2025-07-03 14:21:46.863] [debug] [ImguiLayer] Mouse Moved: (672, 670)
[2025-07-03 14:21:46.866] [info] [WindowsWindow] Mouse moved to (672, 671) in window KnightEngine
[2025-07-03 14:21:46.867] [info] [ApplicationEvent] Event received: MouseMovedEvent: (672.000000, 671.000000)
[2025-07-03 14:21:46.867] [debug] [ImguiLayer] Mouse Moved: (672, 671)
[2025-07-03 14:21:46.872] [info] [WindowsWindow] Mouse moved to (672, 672) in window KnightEngine
[2025-07-03 14:21:46.872] [info] [ApplicationEvent] Event received: MouseMovedEvent: (672.000000, 672.000000)
[2025-07-03 14:21:46.873] [debug] [ImguiLayer] Mouse Moved: (672, 672)
[2025-07-03 14:21:46.873] [info] [WindowsWindow] Mouse moved to (672, 673) in window KnightEngine
[2025-07-03 14:21:46.873] [info] [ApplicationEvent] Event received: MouseMovedEvent: (672.000000, 673.000000)
[2025-07-03 14:21:46.874] [debug] [ImguiLayer] Mouse Moved: (672, 673)
[2025-07-03 14:21:46.875] [info] [WindowsWindow] Mouse moved to (671, 673) in window KnightEngine
[2025-07-03 14:21:46.875] [info] [ApplicationEvent] Event received: MouseMovedEvent: (671.000000, 673.000000)
[2025-07-03 14:21:46.876] [debug] [ImguiLayer] Mouse Moved: (671, 673)
[2025-07-03 14:21:46.878] [info] [WindowsWindow] Mouse moved to (671, 674) in window KnightEngine
[2025-07-03 14:21:46.879] [info] [ApplicationEvent] Event received: MouseMovedEvent: (671.000000, 674.000000)
[2025-07-03 14:21:46.879] [debug] [ImguiLayer] Mouse Moved: (671, 674)
[2025-07-03 14:21:46.882] [info] [WindowsWindow] Mouse moved to (671, 675) in window KnightEngine
[2025-07-03 14:21:46.883] [info] [ApplicationEvent] Event received: MouseMovedEvent: (671.000000, 675.000000)
[2025-07-03 14:21:46.883] [debug] [ImguiLayer] Mouse Moved: (671, 675)
[2025-07-03 14:21:46.900] [info] [WindowsWindow] Mouse moved to (670, 675) in window KnightEngine
[2025-07-03 14:21:46.901] [info] [ApplicationEvent] Event received: MouseMovedEvent: (670.000000, 675.000000)
[2025-07-03 14:21:46.901] [debug] [ImguiLayer] Mouse Moved: (670, 675)
[2025-07-03 14:21:46.904] [info] [WindowsWindow] Mouse moved to (670, 676) in window KnightEngine
[2025-07-03 14:21:46.905] [info] [ApplicationEvent] Event received: MouseMovedEvent: (670.000000, 676.000000)
[2025-07-03 14:21:46.905] [debug] [ImguiLayer] Mouse Moved: (670, 676)
[2025-07-03 14:21:46.917] [info] [WindowsWindow] Mouse moved to (669, 677) in window KnightEngine
[2025-07-03 14:21:46.918] [info] [ApplicationEvent] Event received: MouseMovedEvent: (669.000000, 677.000000)
[2025-07-03 14:21:46.919] [debug] [ImguiLayer] Mouse Moved: (669, 677)
[2025-07-03 14:21:46.929] [info] [WindowsWindow] Mouse moved to (669, 678) in window KnightEngine
[2025-07-03 14:21:46.930] [info] [ApplicationEvent] Event received: MouseMovedEvent: (669.000000, 678.000000)
[2025-07-03 14:21:46.930] [debug] [ImguiLayer] Mouse Moved: (669, 678)
[2025-07-03 14:21:46.938] [info] [WindowsWindow] Mouse moved to (668, 678) in window KnightEngine
[2025-07-03 14:21:46.939] [info] [ApplicationEvent] Event received: MouseMovedEvent: (668.000000, 678.000000)
[2025-07-03 14:21:46.940] [debug] [ImguiLayer] Mouse Moved: (668, 678)
[2025-07-03 14:21:46.943] [info] [WindowsWindow] Mouse moved to (668, 679) in window KnightEngine
[2025-07-03 14:21:46.943] [info] [ApplicationEvent] Event received: MouseMovedEvent: (668.000000, 679.000000)
[2025-07-03 14:21:46.944] [debug] [ImguiLayer] Mouse Moved: (668, 679)
[2025-07-03 14:21:46.946] [info] [WindowsWindow] Mouse moved to (667, 679) in window KnightEngine
[2025-07-03 14:21:46.947] [info] [ApplicationEvent] Event received: MouseMovedEvent: (667.000000, 679.000000)
[2025-07-03 14:21:46.948] [debug] [ImguiLayer] Mouse Moved: (667, 679)
[2025-07-03 14:21:46.953] [info] [WindowsWindow] Mouse moved to (666, 680) in window KnightEngine
[2025-07-03 14:21:46.954] [info] [ApplicationEvent] Event received: MouseMovedEvent: (666.000000, 680.000000)
[2025-07-03 14:21:46.954] [debug] [ImguiLayer] Mouse Moved: (666, 680)
[2025-07-03 14:21:46.962] [info] [WindowsWindow] Mouse moved to (665, 680) in window KnightEngine
[2025-07-03 14:21:46.963] [info] [ApplicationEvent] Event received: MouseMovedEvent: (665.000000, 680.000000)
[2025-07-03 14:21:46.963] [debug] [ImguiLayer] Mouse Moved: (665, 680)
[2025-07-03 14:21:46.983] [info] [WindowsWindow] Mouse moved to (664, 680) in window KnightEngine
[2025-07-03 14:21:46.984] [info] [ApplicationEvent] Event received: MouseMovedEvent: (664.000000, 680.000000)
[2025-07-03 14:21:46.984] [debug] [ImguiLayer] Mouse Moved: (664, 680)
[2025-07-03 14:21:47.011] [info] [WindowsWindow] Mouse moved to (664, 681) in window KnightEngine
[2025-07-03 14:21:47.012] [info] [ApplicationEvent] Event received: MouseMovedEvent: (664.000000, 681.000000)
[2025-07-03 14:21:47.012] [debug] [ImguiLayer] Mouse Moved: (664, 681)
[2025-07-03 14:21:47.031] [info] [WindowsWindow] Mouse moved to (664, 682) in window KnightEngine
[2025-07-03 14:21:47.032] [info] [ApplicationEvent] Event received: MouseMovedEvent: (664.000000, 682.000000)
[2025-07-03 14:21:47.033] [debug] [ImguiLayer] Mouse Moved: (664, 682)
[2025-07-03 14:21:47.033] [info] [WindowsWindow] Mouse moved to (664, 683) in window KnightEngine
[2025-07-03 14:21:47.034] [info] [ApplicationEvent] Event received: MouseMovedEvent: (664.000000, 683.000000)
[2025-07-03 14:21:47.034] [debug] [ImguiLayer] Mouse Moved: (664, 683)
[2025-07-03 14:21:47.036] [info] [WindowsWindow] Mouse moved to (664, 685) in window KnightEngine
[2025-07-03 14:21:47.036] [info] [ApplicationEvent] Event received: MouseMovedEvent: (664.000000, 685.000000)
[2025-07-03 14:21:47.037] [debug] [ImguiLayer] Mouse Moved: (664, 685)
[2025-07-03 14:21:47.042] [info] [WindowsWindow] Mouse moved to (663, 687) in window KnightEngine
[2025-07-03 14:21:47.043] [info] [ApplicationEvent] Event received: MouseMovedEvent: (663.000000, 687.000000)
[2025-07-03 14:21:47.043] [debug] [ImguiLayer] Mouse Moved: (663, 687)
[2025-07-03 14:21:47.051] [info] [WindowsWindow] Mouse moved to (663, 688) in window KnightEngine
[2025-07-03 14:21:47.052] [info] [ApplicationEvent] Event received: MouseMovedEvent: (663.000000, 688.000000)
[2025-07-03 14:21:47.053] [debug] [ImguiLayer] Mouse Moved: (663, 688)
[2025-07-03 14:21:47.055] [info] [WindowsWindow] Mouse moved to (663, 689) in window KnightEngine
[2025-07-03 14:21:47.056] [info] [ApplicationEvent] Event received: MouseMovedEvent: (663.000000, 689.000000)
[2025-07-03 14:21:47.057] [debug] [ImguiLayer] Mouse Moved: (663, 689)
[2025-07-03 14:21:47.059] [info] [WindowsWindow] Mouse moved to (663, 690) in window KnightEngine
[2025-07-03 14:21:47.059] [info] [ApplicationEvent] Event received: MouseMovedEvent: (663.000000, 690.000000)
[2025-07-03 14:21:47.059] [debug] [ImguiLayer] Mouse Moved: (663, 690)
[2025-07-03 14:21:47.208] [info] [WindowsWindow] Mouse moved to (663, 689) in window KnightEngine
[2025-07-03 14:21:47.209] [info] [ApplicationEvent] Event received: MouseMovedEvent: (663.000000, 689.000000)
[2025-07-03 14:21:47.209] [debug] [ImguiLayer] Mouse Moved: (663, 689)
[2025-07-03 14:21:47.234] [info] [WindowsWindow] Mouse moved to (663, 688) in window KnightEngine
[2025-07-03 14:21:47.234] [info] [ApplicationEvent] Event received: MouseMovedEvent: (663.000000, 688.000000)
[2025-07-03 14:21:47.235] [debug] [ImguiLayer] Mouse Moved: (663, 688)
[2025-07-03 14:21:47.296] [info] [WindowsWindow] Mouse moved to (663, 687) in window KnightEngine
[2025-07-03 14:21:47.296] [info] [ApplicationEvent] Event received: MouseMovedEvent: (663.000000, 687.000000)
[2025-07-03 14:21:47.296] [debug] [ImguiLayer] Mouse Moved: (663, 687)
[2025-07-03 14:21:47.303] [info] [WindowsWindow] Mouse moved to (664, 686) in window KnightEngine
[2025-07-03 14:21:47.304] [info] [ApplicationEvent] Event received: MouseMovedEvent: (664.000000, 686.000000)
[2025-07-03 14:21:47.304] [debug] [ImguiLayer] Mouse Moved: (664, 686)
[2025-07-03 14:21:47.317] [info] [WindowsWindow] Mouse moved to (664, 685) in window KnightEngine
[2025-07-03 14:21:47.317] [info] [ApplicationEvent] Event received: MouseMovedEvent: (664.000000, 685.000000)
[2025-07-03 14:21:47.318] [debug] [ImguiLayer] Mouse Moved: (664, 685)
[2025-07-03 14:21:47.320] [info] [WindowsWindow] Mouse moved to (665, 685) in window KnightEngine
[2025-07-03 14:21:47.321] [info] [ApplicationEvent] Event received: MouseMovedEvent: (665.000000, 685.000000)
[2025-07-03 14:21:47.321] [debug] [ImguiLayer] Mouse Moved: (665, 685)
[2025-07-03 14:21:47.336] [info] [WindowsWindow] Mouse moved to (666, 684) in window KnightEngine
[2025-07-03 14:21:47.337] [info] [ApplicationEvent] Event received: MouseMovedEvent: (666.000000, 684.000000)
[2025-07-03 14:21:47.337] [debug] [ImguiLayer] Mouse Moved: (666, 684)
[2025-07-03 14:21:47.349] [info] [WindowsWindow] Mouse moved to (666, 683) in window KnightEngine
[2025-07-03 14:21:47.350] [info] [ApplicationEvent] Event received: MouseMovedEvent: (666.000000, 683.000000)
[2025-07-03 14:21:47.350] [debug] [ImguiLayer] Mouse Moved: (666, 683)
[2025-07-03 14:21:47.355] [info] [WindowsWindow] Mouse moved to (667, 683) in window KnightEngine
[2025-07-03 14:21:47.355] [info] [ApplicationEvent] Event received: MouseMovedEvent: (667.000000, 683.000000)
[2025-07-03 14:21:47.356] [debug] [ImguiLayer] Mouse Moved: (667, 683)
[2025-07-03 14:21:47.356] [info] [WindowsWindow] Mouse moved to (667, 682) in window KnightEngine
[2025-07-03 14:21:47.357] [info] [ApplicationEvent] Event received: MouseMovedEvent: (667.000000, 682.000000)
[2025-07-03 14:21:47.357] [debug] [ImguiLayer] Mouse Moved: (667, 682)
[2025-07-03 14:21:47.359] [info] [WindowsWindow] Mouse moved to (668, 682) in window KnightEngine
[2025-07-03 14:21:47.359] [info] [ApplicationEvent] Event received: MouseMovedEvent: (668.000000, 682.000000)
[2025-07-03 14:21:47.360] [debug] [ImguiLayer] Mouse Moved: (668, 682)
[2025-07-03 14:21:47.362] [info] [WindowsWindow] Mouse moved to (668, 681) in window KnightEngine
[2025-07-03 14:21:47.363] [info] [ApplicationEvent] Event received: MouseMovedEvent: (668.000000, 681.000000)
[2025-07-03 14:21:47.363] [debug] [ImguiLayer] Mouse Moved: (668, 681)
[2025-07-03 14:21:47.368] [info] [WindowsWindow] Mouse moved to (668, 680) in window KnightEngine
[2025-07-03 14:21:47.368] [info] [ApplicationEvent] Event received: MouseMovedEvent: (668.000000, 680.000000)
[2025-07-03 14:21:47.369] [debug] [ImguiLayer] Mouse Moved: (668, 680)
[2025-07-03 14:21:47.369] [info] [WindowsWindow] Mouse moved to (669, 680) in window KnightEngine
[2025-07-03 14:21:47.370] [info] [ApplicationEvent] Event received: MouseMovedEvent: (669.000000, 680.000000)
[2025-07-03 14:21:47.370] [debug] [ImguiLayer] Mouse Moved: (669, 680)
[2025-07-03 14:21:47.374] [info] [WindowsWindow] Mouse moved to (669, 679) in window KnightEngine
[2025-07-03 14:21:47.375] [info] [ApplicationEvent] Event received: MouseMovedEvent: (669.000000, 679.000000)
[2025-07-03 14:21:47.375] [debug] [ImguiLayer] Mouse Moved: (669, 679)
[2025-07-03 14:21:47.375] [info] [WindowsWindow] Mouse moved to (670, 678) in window KnightEngine
[2025-07-03 14:21:47.376] [info] [ApplicationEvent] Event received: MouseMovedEvent: (670.000000, 678.000000)
[2025-07-03 14:21:47.376] [debug] [ImguiLayer] Mouse Moved: (670, 678)
[2025-07-03 14:21:47.379] [info] [WindowsWindow] Mouse moved to (671, 677) in window KnightEngine
[2025-07-03 14:21:47.379] [info] [ApplicationEvent] Event received: MouseMovedEvent: (671.000000, 677.000000)
[2025-07-03 14:21:47.380] [debug] [ImguiLayer] Mouse Moved: (671, 677)
[2025-07-03 14:21:47.381] [info] [WindowsWindow] Mouse moved to (671, 676) in window KnightEngine
[2025-07-03 14:21:47.382] [info] [ApplicationEvent] Event received: MouseMovedEvent: (671.000000, 676.000000)
[2025-07-03 14:21:47.383] [debug] [ImguiLayer] Mouse Moved: (671, 676)
[2025-07-03 14:21:47.386] [info] [WindowsWindow] Mouse moved to (672, 676) in window KnightEngine
[2025-07-03 14:21:47.387] [info] [ApplicationEvent] Event received: MouseMovedEvent: (672.000000, 676.000000)
[2025-07-03 14:21:47.387] [debug] [ImguiLayer] Mouse Moved: (672, 676)
[2025-07-03 14:21:47.391] [info] [WindowsWindow] Mouse moved to (673, 676) in window KnightEngine
[2025-07-03 14:21:47.391] [info] [ApplicationEvent] Event received: MouseMovedEvent: (673.000000, 676.000000)
[2025-07-03 14:21:47.392] [debug] [ImguiLayer] Mouse Moved: (673, 676)
[2025-07-03 14:21:47.395] [info] [WindowsWindow] Mouse moved to (673, 675) in window KnightEngine
[2025-07-03 14:21:47.395] [info] [ApplicationEvent] Event received: MouseMovedEvent: (673.000000, 675.000000)
[2025-07-03 14:21:47.396] [debug] [ImguiLayer] Mouse Moved: (673, 675)
[2025-07-03 14:21:47.564] [debug] [WindowsWindow] Mouse button event in window KnightEngine
[2025-07-03 14:21:47.566] [info] [ApplicationEvent] Event received: MouseButtonPressedEvent: 1
[2025-07-03 14:21:47.566] [debug] [ImguiLayer] Mouse Button Pressed: 1
[2025-07-03 14:21:47.662] [debug] [WindowsWindow] Mouse button event in window KnightEngine
[2025-07-03 14:21:47.663] [info] [ApplicationEvent] Event received: MouseButtonReleasedEvent: 1
[2025-07-03 14:21:47.663] [debug] [ImguiLayer] Mouse Button Released: 1
[2025-07-03 14:21:47.904] [info] [WindowsWindow] Mouse moved to (672, 676) in window KnightEngine
[2025-07-03 14:21:47.904] [info] [ApplicationEvent] Event received: MouseMovedEvent: (672.000000, 676.000000)
[2025-07-03 14:21:47.905] [debug] [ImguiLayer] Mouse Moved: (672, 676)
[2025-07-03 14:21:47.914] [info] [WindowsWindow] Mouse moved to (671, 676) in window KnightEngine
[2025-07-03 14:21:47.915] [info] [ApplicationEvent] Event received: MouseMovedEvent: (671.000000, 676.000000)
[2025-07-03 14:21:47.915] [debug] [ImguiLayer] Mouse Moved: (671, 676)
[2025-07-03 14:21:48.038] [info] [WindowsWindow] Mouse moved to (671, 677) in window KnightEngine
[2025-07-03 14:21:48.039] [info] [ApplicationEvent] Event received: MouseMovedEvent: (671.000000, 677.000000)
[2025-07-03 14:21:48.039] [debug] [ImguiLayer] Mouse Moved: (671, 677)
[2025-07-03 14:21:48.264] [debug] [WindowsWindow] Mouse button event in window KnightEngine
[2025-07-03 14:21:48.264] [info] [ApplicationEvent] Event received: MouseButtonPressedEvent: 1
[2025-07-03 14:21:48.265] [debug] [ImguiLayer] Mouse Button Pressed: 1
[2025-07-03 14:21:48.378] [debug] [WindowsWindow] Mouse button event in window KnightEngine
[2025-07-03 14:21:48.378] [info] [ApplicationEvent] Event received: MouseButtonReleasedEvent: 1
[2025-07-03 14:21:48.379] [debug] [ImguiLayer] Mouse Button Released: 1
[2025-07-03 14:21:48.828] [debug] [WindowsWindow] Mouse button event in window KnightEngine
[2025-07-03 14:21:48.828] [info] [ApplicationEvent] Event received: MouseButtonPressedEvent: 1
[2025-07-03 14:21:48.829] [debug] [ImguiLayer] Mouse Button Pressed: 1
[2025-07-03 14:21:48.975] [debug] [WindowsWindow] Mouse button event in window KnightEngine
[2025-07-03 14:21:48.976] [info] [ApplicationEvent] Event received: MouseButtonReleasedEvent: 1
[2025-07-03 14:21:48.976] [debug] [ImguiLayer] Mouse Button Released: 1
[2025-07-03 14:21:49.040] [info] [WindowsWindow] Mouse moved to (673, 676) in window KnightEngine
[2025-07-03 14:21:49.041] [info] [ApplicationEvent] Event received: MouseMovedEvent: (673.000000, 676.000000)
[2025-07-03 14:21:49.042] [debug] [ImguiLayer] Mouse Moved: (673, 676)
[2025-07-03 14:21:49.045] [info] [WindowsWindow] Mouse moved to (674, 674) in window KnightEngine
[2025-07-03 14:21:49.046] [info] [ApplicationEvent] Event received: MouseMovedEvent: (674.000000, 674.000000)
[2025-07-03 14:21:49.047] [debug] [ImguiLayer] Mouse Moved: (674, 674)
[2025-07-03 14:21:49.049] [info] [WindowsWindow] Mouse moved to (677, 671) in window KnightEngine
[2025-07-03 14:21:49.050] [info] [ApplicationEvent] Event received: MouseMovedEvent: (677.000000, 671.000000)
[2025-07-03 14:21:49.050] [debug] [ImguiLayer] Mouse Moved: (677, 671)
[2025-07-03 14:21:49.053] [info] [WindowsWindow] Mouse moved to (680, 668) in window KnightEngine
[2025-07-03 14:21:49.054] [info] [ApplicationEvent] Event received: MouseMovedEvent: (680.000000, 668.000000)
[2025-07-03 14:21:49.055] [debug] [ImguiLayer] Mouse Moved: (680, 668)
[2025-07-03 14:21:49.079] [info] [WindowsWindow] Mouse moved to (688, 661) in window KnightEngine
[2025-07-03 14:21:49.080] [info] [ApplicationEvent] Event received: MouseMovedEvent: (688.000000, 661.000000)
[2025-07-03 14:21:49.081] [debug] [ImguiLayer] Mouse Moved: (688, 661)
[2025-07-03 14:21:49.081] [info] [WindowsWindow] Mouse moved to (690, 660) in window KnightEngine
[2025-07-03 14:21:49.082] [info] [ApplicationEvent] Event received: MouseMovedEvent: (690.000000, 660.000000)
[2025-07-03 14:21:49.082] [debug] [ImguiLayer] Mouse Moved: (690, 660)
[2025-07-03 14:21:49.083] [info] [WindowsWindow] Mouse moved to (693, 657) in window KnightEngine
[2025-07-03 14:21:49.083] [info] [ApplicationEvent] Event received: MouseMovedEvent: (693.000000, 657.000000)
[2025-07-03 14:21:49.084] [debug] [ImguiLayer] Mouse Moved: (693, 657)
[2025-07-03 14:21:49.084] [info] [WindowsWindow] Mouse moved to (695, 655) in window KnightEngine
[2025-07-03 14:21:49.085] [info] [ApplicationEvent] Event received: MouseMovedEvent: (695.000000, 655.000000)
[2025-07-03 14:21:49.085] [debug] [ImguiLayer] Mouse Moved: (695, 655)
[2025-07-03 14:21:49.086] [info] [WindowsWindow] Mouse moved to (699, 652) in window KnightEngine
[2025-07-03 14:21:49.086] [info] [ApplicationEvent] Event received: MouseMovedEvent: (699.000000, 652.000000)
[2025-07-03 14:21:49.087] [debug] [ImguiLayer] Mouse Moved: (699, 652)
[2025-07-03 14:21:49.087] [info] [WindowsWindow] Mouse moved to (703, 649) in window KnightEngine
[2025-07-03 14:21:49.087] [info] [ApplicationEvent] Event received: MouseMovedEvent: (703.000000, 649.000000)
[2025-07-03 14:21:49.087] [debug] [ImguiLayer] Mouse Moved: (703, 649)
[2025-07-03 14:21:49.088] [info] [WindowsWindow] Mouse moved to (708, 645) in window KnightEngine
[2025-07-03 14:21:49.088] [info] [ApplicationEvent] Event received: MouseMovedEvent: (708.000000, 645.000000)
[2025-07-03 14:21:49.088] [debug] [ImguiLayer] Mouse Moved: (708, 645)
[2025-07-03 14:21:49.089] [info] [WindowsWindow] Mouse moved to (711, 642) in window KnightEngine
[2025-07-03 14:21:49.089] [info] [ApplicationEvent] Event received: MouseMovedEvent: (711.000000, 642.000000)
[2025-07-03 14:21:49.089] [debug] [ImguiLayer] Mouse Moved: (711, 642)
[2025-07-03 14:21:49.090] [info] [WindowsWindow] Mouse moved to (719, 636) in window KnightEngine
[2025-07-03 14:21:49.090] [info] [ApplicationEvent] Event received: MouseMovedEvent: (719.000000, 636.000000)
[2025-07-03 14:21:49.090] [debug] [ImguiLayer] Mouse Moved: (719, 636)
[2025-07-03 14:21:49.091] [info] [WindowsWindow] Mouse moved to (724, 630) in window KnightEngine
[2025-07-03 14:21:49.091] [info] [ApplicationEvent] Event received: MouseMovedEvent: (724.000000, 630.000000)
[2025-07-03 14:21:49.091] [debug] [ImguiLayer] Mouse Moved: (724, 630)
[2025-07-03 14:21:49.092] [info] [WindowsWindow] Mouse moved to (726, 628) in window KnightEngine
[2025-07-03 14:21:49.092] [info] [ApplicationEvent] Event received: MouseMovedEvent: (726.000000, 628.000000)
[2025-07-03 14:21:49.092] [debug] [ImguiLayer] Mouse Moved: (726, 628)
[2025-07-03 14:21:49.093] [info] [WindowsWindow] Mouse moved to (732, 624) in window KnightEngine
[2025-07-03 14:21:49.093] [info] [ApplicationEvent] Event received: MouseMovedEvent: (732.000000, 624.000000)
[2025-07-03 14:21:49.094] [debug] [ImguiLayer] Mouse Moved: (732, 624)
[2025-07-03 14:21:49.094] [info] [WindowsWindow] Mouse moved to (735, 620) in window KnightEngine
[2025-07-03 14:21:49.094] [info] [ApplicationEvent] Event received: MouseMovedEvent: (735.000000, 620.000000)
[2025-07-03 14:21:49.095] [debug] [ImguiLayer] Mouse Moved: (735, 620)
[2025-07-03 14:21:49.110] [info] [WindowsWindow] Mouse moved to (788, 571) in window KnightEngine
[2025-07-03 14:21:49.111] [info] [ApplicationEvent] Event received: MouseMovedEvent: (788.000000, 571.000000)
[2025-07-03 14:21:49.112] [debug] [ImguiLayer] Mouse Moved: (788, 571)
[2025-07-03 14:21:49.112] [info] [WindowsWindow] Mouse moved to (791, 569) in window KnightEngine
[2025-07-03 14:21:49.113] [info] [ApplicationEvent] Event received: MouseMovedEvent: (791.000000, 569.000000)
[2025-07-03 14:21:49.113] [debug] [ImguiLayer] Mouse Moved: (791, 569)
[2025-07-03 14:21:49.114] [info] [WindowsWindow] Mouse moved to (800, 559) in window KnightEngine
[2025-07-03 14:21:49.117] [info] [ApplicationEvent] Event received: MouseMovedEvent: (800.000000, 559.000000)
[2025-07-03 14:21:49.117] [debug] [ImguiLayer] Mouse Moved: (800, 559)
[2025-07-03 14:21:49.117] [info] [WindowsWindow] Mouse moved to (806, 553) in window KnightEngine
[2025-07-03 14:21:49.117] [info] [ApplicationEvent] Event received: MouseMovedEvent: (806.000000, 553.000000)
[2025-07-03 14:21:49.117] [debug] [ImguiLayer] Mouse Moved: (806, 553)
[2025-07-03 14:21:49.118] [info] [WindowsWindow] Mouse moved to (810, 548) in window KnightEngine
[2025-07-03 14:21:49.118] [info] [ApplicationEvent] Event received: MouseMovedEvent: (810.000000, 548.000000)
[2025-07-03 14:21:49.118] [debug] [ImguiLayer] Mouse Moved: (810, 548)
[2025-07-03 14:21:49.119] [info] [WindowsWindow] Mouse moved to (816, 542) in window KnightEngine
[2025-07-03 14:21:49.120] [info] [ApplicationEvent] Event received: MouseMovedEvent: (816.000000, 542.000000)
[2025-07-03 14:21:49.120] [debug] [ImguiLayer] Mouse Moved: (816, 542)
[2025-07-03 14:21:49.120] [info] [WindowsWindow] Mouse moved to (818, 539) in window KnightEngine
[2025-07-03 14:21:49.121] [info] [ApplicationEvent] Event received: MouseMovedEvent: (818.000000, 539.000000)
[2025-07-03 14:21:49.121] [debug] [ImguiLayer] Mouse Moved: (818, 539)
[2025-07-03 14:21:49.121] [info] [WindowsWindow] Mouse moved to (821, 536) in window KnightEngine
[2025-07-03 14:21:49.121] [info] [ApplicationEvent] Event received: MouseMovedEvent: (821.000000, 536.000000)
[2025-07-03 14:21:49.121] [debug] [ImguiLayer] Mouse Moved: (821, 536)
[2025-07-03 14:21:49.122] [info] [WindowsWindow] Mouse moved to (826, 531) in window KnightEngine
[2025-07-03 14:21:49.122] [info] [ApplicationEvent] Event received: MouseMovedEvent: (826.000000, 531.000000)
[2025-07-03 14:21:49.122] [debug] [ImguiLayer] Mouse Moved: (826, 531)
[2025-07-03 14:21:49.124] [info] [WindowsWindow] Mouse moved to (859, 489) in window KnightEngine
[2025-07-03 14:21:49.124] [info] [ApplicationEvent] Event received: MouseMovedEvent: (859.000000, 489.000000)
[2025-07-03 14:21:49.124] [debug] [ImguiLayer] Mouse Moved: (859, 489)
[2025-07-03 14:21:49.129] [info] [WindowsWindow] Mouse moved to (868, 479) in window KnightEngine
[2025-07-03 14:21:49.129] [info] [ApplicationEvent] Event received: MouseMovedEvent: (868.000000, 479.000000)
[2025-07-03 14:21:49.130] [debug] [ImguiLayer] Mouse Moved: (868, 479)
[2025-07-03 14:21:49.130] [info] [WindowsWindow] Mouse moved to (870, 476) in window KnightEngine
[2025-07-03 14:21:49.130] [info] [ApplicationEvent] Event received: MouseMovedEvent: (870.000000, 476.000000)
[2025-07-03 14:21:49.131] [debug] [ImguiLayer] Mouse Moved: (870, 476)
[2025-07-03 14:21:49.132] [info] [WindowsWindow] Mouse moved to (874, 470) in window KnightEngine
[2025-07-03 14:21:49.132] [info] [ApplicationEvent] Event received: MouseMovedEvent: (874.000000, 470.000000)
[2025-07-03 14:21:49.133] [debug] [ImguiLayer] Mouse Moved: (874, 470)
[2025-07-03 14:21:49.137] [info] [WindowsWindow] Mouse moved to (880, 460) in window KnightEngine
[2025-07-03 14:21:49.137] [info] [ApplicationEvent] Event received: MouseMovedEvent: (880.000000, 460.000000)
[2025-07-03 14:21:49.138] [debug] [ImguiLayer] Mouse Moved: (880, 460)
[2025-07-03 14:21:49.138] [info] [WindowsWindow] Mouse moved to (881, 458) in window KnightEngine
[2025-07-03 14:21:49.139] [info] [ApplicationEvent] Event received: MouseMovedEvent: (881.000000, 458.000000)
[2025-07-03 14:21:49.139] [debug] [ImguiLayer] Mouse Moved: (881, 458)
[2025-07-03 14:21:49.142] [info] [WindowsWindow] Mouse moved to (886, 452) in window KnightEngine
[2025-07-03 14:21:49.142] [info] [ApplicationEvent] Event received: MouseMovedEvent: (886.000000, 452.000000)
[2025-07-03 14:21:49.143] [debug] [ImguiLayer] Mouse Moved: (886, 452)
[2025-07-03 14:21:49.143] [info] [WindowsWindow] Mouse moved to (888, 447) in window KnightEngine
[2025-07-03 14:21:49.143] [info] [ApplicationEvent] Event received: MouseMovedEvent: (888.000000, 447.000000)
[2025-07-03 14:21:49.143] [debug] [ImguiLayer] Mouse Moved: (888, 447)
[2025-07-03 14:21:49.144] [info] [WindowsWindow] Mouse moved to (889, 445) in window KnightEngine
[2025-07-03 14:21:49.144] [info] [ApplicationEvent] Event received: MouseMovedEvent: (889.000000, 445.000000)
[2025-07-03 14:21:49.144] [debug] [ImguiLayer] Mouse Moved: (889, 445)
[2025-07-03 14:21:49.147] [info] [WindowsWindow] Mouse moved to (892, 440) in window KnightEngine
[2025-07-03 14:21:49.147] [info] [ApplicationEvent] Event received: MouseMovedEvent: (892.000000, 440.000000)
[2025-07-03 14:21:49.148] [debug] [ImguiLayer] Mouse Moved: (892, 440)
[2025-07-03 14:21:49.148] [info] [WindowsWindow] Mouse moved to (893, 438) in window KnightEngine
[2025-07-03 14:21:49.148] [info] [ApplicationEvent] Event received: MouseMovedEvent: (893.000000, 438.000000)
[2025-07-03 14:21:49.148] [debug] [ImguiLayer] Mouse Moved: (893, 438)
[2025-07-03 14:21:49.148] [info] [WindowsWindow] Mouse moved to (893, 436) in window KnightEngine
[2025-07-03 14:21:49.149] [info] [ApplicationEvent] Event received: MouseMovedEvent: (893.000000, 436.000000)
[2025-07-03 14:21:49.149] [debug] [ImguiLayer] Mouse Moved: (893, 436)
[2025-07-03 14:21:49.150] [info] [WindowsWindow] Mouse moved to (896, 431) in window KnightEngine
[2025-07-03 14:21:49.150] [info] [ApplicationEvent] Event received: MouseMovedEvent: (896.000000, 431.000000)
[2025-07-03 14:21:49.151] [debug] [ImguiLayer] Mouse Moved: (896, 431)
[2025-07-03 14:21:49.153] [info] [WindowsWindow] Mouse moved to (897, 428) in window KnightEngine
[2025-07-03 14:21:49.154] [info] [ApplicationEvent] Event received: MouseMovedEvent: (897.000000, 428.000000)
[2025-07-03 14:21:49.154] [debug] [ImguiLayer] Mouse Moved: (897, 428)
[2025-07-03 14:21:49.157] [info] [WindowsWindow] Mouse moved to (897, 423) in window KnightEngine
[2025-07-03 14:21:49.157] [info] [ApplicationEvent] Event received: MouseMovedEvent: (897.000000, 423.000000)
[2025-07-03 14:21:49.158] [debug] [ImguiLayer] Mouse Moved: (897, 423)
[2025-07-03 14:21:49.162] [info] [WindowsWindow] Mouse moved to (898, 419) in window KnightEngine
[2025-07-03 14:21:49.162] [info] [ApplicationEvent] Event received: MouseMovedEvent: (898.000000, 419.000000)
[2025-07-03 14:21:49.162] [debug] [ImguiLayer] Mouse Moved: (898, 419)
[2025-07-03 14:21:49.166] [info] [WindowsWindow] Mouse moved to (898, 417) in window KnightEngine
[2025-07-03 14:21:49.166] [info] [ApplicationEvent] Event received: MouseMovedEvent: (898.000000, 417.000000)
[2025-07-03 14:21:49.166] [debug] [ImguiLayer] Mouse Moved: (898, 417)
[2025-07-03 14:21:49.175] [info] [WindowsWindow] Mouse moved to (899, 414) in window KnightEngine
[2025-07-03 14:21:49.175] [info] [ApplicationEvent] Event received: MouseMovedEvent: (899.000000, 414.000000)
[2025-07-03 14:21:49.177] [debug] [ImguiLayer] Mouse Moved: (899, 414)
[2025-07-03 14:21:49.178] [info] [WindowsWindow] Mouse moved to (899, 413) in window KnightEngine
[2025-07-03 14:21:49.178] [info] [ApplicationEvent] Event received: MouseMovedEvent: (899.000000, 413.000000)
[2025-07-03 14:21:49.179] [debug] [ImguiLayer] Mouse Moved: (899, 413)
[2025-07-03 14:21:49.180] [info] [WindowsWindow] Mouse moved to (899, 412) in window KnightEngine
[2025-07-03 14:21:49.180] [info] [ApplicationEvent] Event received: MouseMovedEvent: (899.000000, 412.000000)
[2025-07-03 14:21:49.181] [debug] [ImguiLayer] Mouse Moved: (899, 412)
[2025-07-03 14:21:49.182] [info] [WindowsWindow] Mouse moved to (899, 411) in window KnightEngine
[2025-07-03 14:21:49.183] [info] [ApplicationEvent] Event received: MouseMovedEvent: (899.000000, 411.000000)
[2025-07-03 14:21:49.183] [debug] [ImguiLayer] Mouse Moved: (899, 411)
[2025-07-03 14:21:49.186] [info] [WindowsWindow] Mouse moved to (899, 410) in window KnightEngine
[2025-07-03 14:21:49.187] [info] [ApplicationEvent] Event received: MouseMovedEvent: (899.000000, 410.000000)
[2025-07-03 14:21:49.188] [debug] [ImguiLayer] Mouse Moved: (899, 410)
[2025-07-03 14:21:49.223] [info] [ApplicationEvent] Event received: MouseScrolledEvent: (0.000000, -1.000000)
[2025-07-03 14:21:49.224] [debug] [ImguiLayer] Mouse Scrolled: (0, -1)
[2025-07-03 14:21:49.225] [info] [WindowsWindow] Mouse scrolled by (0, -1) in window KnightEngine
[2025-07-03 14:21:49.248] [info] [ApplicationEvent] Event received: MouseScrolledEvent: (0.000000, -1.000000)
[2025-07-03 14:21:49.249] [debug] [ImguiLayer] Mouse Scrolled: (0, -1)
[2025-07-03 14:21:49.249] [info] [WindowsWindow] Mouse scrolled by (0, -1) in window KnightEngine
[2025-07-03 14:21:49.265] [info] [ApplicationEvent] Event received: MouseScrolledEvent: (0.000000, -1.000000)
[2025-07-03 14:21:49.266] [debug] [ImguiLayer] Mouse Scrolled: (0, -1)
[2025-07-03 14:21:49.266] [info] [WindowsWindow] Mouse scrolled by (0, -1) in window KnightEngine
[2025-07-03 14:21:49.275] [info] [ApplicationEvent] Event received: MouseScrolledEvent: (0.000000, -1.000000)
[2025-07-03 14:21:49.276] [debug] [ImguiLayer] Mouse Scrolled: (0, -1)
[2025-07-03 14:21:49.276] [info] [WindowsWindow] Mouse scrolled by (0, -1) in window KnightEngine
[2025-07-03 14:21:49.290] [info] [ApplicationEvent] Event received: MouseScrolledEvent: (0.000000, -1.000000)
[2025-07-03 14:21:49.291] [debug] [ImguiLayer] Mouse Scrolled: (0, -1)
[2025-07-03 14:21:49.291] [info] [WindowsWindow] Mouse scrolled by (0, -1) in window KnightEngine
[2025-07-03 14:21:49.303] [info] [ApplicationEvent] Event received: MouseScrolledEvent: (0.000000, -1.000000)
[2025-07-03 14:21:49.304] [debug] [ImguiLayer] Mouse Scrolled: (0, -1)
[2025-07-03 14:21:49.304] [info] [WindowsWindow] Mouse scrolled by (0, -1) in window KnightEngine
[2025-07-03 14:21:49.333] [info] [WindowsWindow] Mouse moved to (898, 410) in window KnightEngine
[2025-07-03 14:21:49.334] [info] [ApplicationEvent] Event received: MouseMovedEvent: (898.000000, 410.000000)
[2025-07-03 14:21:49.334] [debug] [ImguiLayer] Mouse Moved: (898, 410)
[2025-07-03 14:21:49.338] [info] [WindowsWindow] Mouse moved to (898, 411) in window KnightEngine
[2025-07-03 14:21:49.339] [info] [ApplicationEvent] Event received: MouseMovedEvent: (898.000000, 411.000000)
[2025-07-03 14:21:49.339] [debug] [ImguiLayer] Mouse Moved: (898, 411)
[2025-07-03 14:21:49.564] [info] [ApplicationEvent] Event received: MouseScrolledEvent: (0.000000, -1.000000)
[2025-07-03 14:21:49.564] [debug] [ImguiLayer] Mouse Scrolled: (0, -1)
[2025-07-03 14:21:49.565] [info] [WindowsWindow] Mouse scrolled by (0, -1) in window KnightEngine
[2025-07-03 14:21:49.566] [info] [WindowsWindow] Mouse moved to (898, 412) in window KnightEngine
[2025-07-03 14:21:49.566] [info] [ApplicationEvent] Event received: MouseMovedEvent: (898.000000, 412.000000)
[2025-07-03 14:21:49.566] [debug] [ImguiLayer] Mouse Moved: (898, 412)
[2025-07-03 14:21:49.568] [info] [WindowsWindow] Mouse moved to (898, 413) in window KnightEngine
[2025-07-03 14:21:49.569] [info] [ApplicationEvent] Event received: MouseMovedEvent: (898.000000, 413.000000)
[2025-07-03 14:21:49.570] [debug] [ImguiLayer] Mouse Moved: (898, 413)
[2025-07-03 14:21:49.574] [info] [ApplicationEvent] Event received: MouseScrolledEvent: (0.000000, -1.000000)
[2025-07-03 14:21:49.574] [debug] [ImguiLayer] Mouse Scrolled: (0, -1)
[2025-07-03 14:21:49.575] [info] [WindowsWindow] Mouse scrolled by (0, -1) in window KnightEngine
[2025-07-03 14:21:49.586] [info] [ApplicationEvent] Event received: MouseScrolledEvent: (0.000000, -1.000000)
[2025-07-03 14:21:49.587] [debug] [ImguiLayer] Mouse Scrolled: (0, -1)
[2025-07-03 14:21:49.588] [info] [WindowsWindow] Mouse scrolled by (0, -1) in window KnightEngine
[2025-07-03 14:21:49.599] [info] [ApplicationEvent] Event received: MouseScrolledEvent: (0.000000, -1.000000)
[2025-07-03 14:21:49.600] [debug] [ImguiLayer] Mouse Scrolled: (0, -1)
[2025-07-03 14:21:49.600] [info] [WindowsWindow] Mouse scrolled by (0, -1) in window KnightEngine
[2025-07-03 14:21:49.607] [info] [ApplicationEvent] Event received: MouseScrolledEvent: (0.000000, 1.000000)
[2025-07-03 14:21:49.608] [debug] [ImguiLayer] Mouse Scrolled: (0, 1)
[2025-07-03 14:21:49.609] [info] [WindowsWindow] Mouse scrolled by (0, 1) in window KnightEngine
[2025-07-03 14:21:49.620] [info] [ApplicationEvent] Event received: MouseScrolledEvent: (0.000000, -1.000000)
[2025-07-03 14:21:49.620] [debug] [ImguiLayer] Mouse Scrolled: (0, -1)
[2025-07-03 14:21:49.621] [info] [WindowsWindow] Mouse scrolled by (0, -1) in window KnightEngine
[2025-07-03 14:21:49.636] [info] [WindowsWindow] Mouse moved to (899, 413) in window KnightEngine
[2025-07-03 14:21:49.637] [info] [ApplicationEvent] Event received: MouseMovedEvent: (899.000000, 413.000000)
[2025-07-03 14:21:49.637] [debug] [ImguiLayer] Mouse Moved: (899, 413)
[2025-07-03 14:21:49.637] [info] [WindowsWindow] Mouse moved to (900, 413) in window KnightEngine
[2025-07-03 14:21:49.638] [info] [ApplicationEvent] Event received: MouseMovedEvent: (900.000000, 413.000000)
[2025-07-03 14:21:49.638] [debug] [ImguiLayer] Mouse Moved: (900, 413)
[2025-07-03 14:21:49.642] [info] [WindowsWindow] Mouse moved to (902, 413) in window KnightEngine
[2025-07-03 14:21:49.642] [info] [ApplicationEvent] Event received: MouseMovedEvent: (902.000000, 413.000000)
[2025-07-03 14:21:49.642] [debug] [ImguiLayer] Mouse Moved: (902, 413)
[2025-07-03 14:21:49.643] [info] [WindowsWindow] Mouse moved to (903, 413) in window KnightEngine
[2025-07-03 14:21:49.643] [info] [ApplicationEvent] Event received: MouseMovedEvent: (903.000000, 413.000000)
[2025-07-03 14:21:49.643] [debug] [ImguiLayer] Mouse Moved: (903, 413)
[2025-07-03 14:21:49.650] [info] [WindowsWindow] Mouse moved to (905, 412) in window KnightEngine
[2025-07-03 14:21:49.651] [info] [ApplicationEvent] Event received: MouseMovedEvent: (905.000000, 412.000000)
[2025-07-03 14:21:49.651] [debug] [ImguiLayer] Mouse Moved: (905, 412)
[2025-07-03 14:21:49.652] [info] [WindowsWindow] Mouse moved to (906, 412) in window KnightEngine
[2025-07-03 14:21:49.652] [info] [ApplicationEvent] Event received: MouseMovedEvent: (906.000000, 412.000000)
[2025-07-03 14:21:49.652] [debug] [ImguiLayer] Mouse Moved: (906, 412)
[2025-07-03 14:21:49.653] [info] [WindowsWindow] Mouse moved to (907, 411) in window KnightEngine
[2025-07-03 14:21:49.653] [info] [ApplicationEvent] Event received: MouseMovedEvent: (907.000000, 411.000000)
[2025-07-03 14:21:49.653] [debug] [ImguiLayer] Mouse Moved: (907, 411)
[2025-07-03 14:21:49.654] [info] [WindowsWindow] Mouse moved to (908, 411) in window KnightEngine
[2025-07-03 14:21:49.654] [info] [ApplicationEvent] Event received: MouseMovedEvent: (908.000000, 411.000000)
[2025-07-03 14:21:49.654] [debug] [ImguiLayer] Mouse Moved: (908, 411)
[2025-07-03 14:21:49.655] [info] [WindowsWindow] Mouse moved to (909, 411) in window KnightEngine
[2025-07-03 14:21:49.655] [info] [ApplicationEvent] Event received: MouseMovedEvent: (909.000000, 411.000000)
[2025-07-03 14:21:49.655] [debug] [ImguiLayer] Mouse Moved: (909, 411)
[2025-07-03 14:21:49.659] [info] [WindowsWindow] Mouse moved to (915, 406) in window KnightEngine
[2025-07-03 14:21:49.659] [info] [ApplicationEvent] Event received: MouseMovedEvent: (915.000000, 406.000000)
[2025-07-03 14:21:49.660] [debug] [ImguiLayer] Mouse Moved: (915, 406)
[2025-07-03 14:21:49.660] [info] [WindowsWindow] Mouse moved to (916, 405) in window KnightEngine
[2025-07-03 14:21:49.660] [info] [ApplicationEvent] Event received: MouseMovedEvent: (916.000000, 405.000000)
[2025-07-03 14:21:49.660] [debug] [ImguiLayer] Mouse Moved: (916, 405)
[2025-07-03 14:21:49.661] [info] [WindowsWindow] Mouse moved to (917, 404) in window KnightEngine
[2025-07-03 14:21:49.661] [info] [ApplicationEvent] Event received: MouseMovedEvent: (917.000000, 404.000000)
[2025-07-03 14:21:49.662] [debug] [ImguiLayer] Mouse Moved: (917, 404)
[2025-07-03 14:21:49.662] [info] [WindowsWindow] Mouse moved to (918, 403) in window KnightEngine
[2025-07-03 14:21:49.662] [info] [ApplicationEvent] Event received: MouseMovedEvent: (918.000000, 403.000000)
[2025-07-03 14:21:49.663] [debug] [ImguiLayer] Mouse Moved: (918, 403)
[2025-07-03 14:21:49.665] [info] [WindowsWindow] Mouse moved to (925, 397) in window KnightEngine
[2025-07-03 14:21:49.666] [info] [ApplicationEvent] Event received: MouseMovedEvent: (925.000000, 397.000000)
[2025-07-03 14:21:49.666] [debug] [ImguiLayer] Mouse Moved: (925, 397)
[2025-07-03 14:21:49.667] [info] [WindowsWindow] Mouse moved to (926, 396) in window KnightEngine
[2025-07-03 14:21:49.667] [info] [ApplicationEvent] Event received: MouseMovedEvent: (926.000000, 396.000000)
[2025-07-03 14:21:49.667] [debug] [ImguiLayer] Mouse Moved: (926, 396)
[2025-07-03 14:21:49.673] [info] [WindowsWindow] Mouse moved to (933, 390) in window KnightEngine
[2025-07-03 14:21:49.674] [info] [ApplicationEvent] Event received: MouseMovedEvent: (933.000000, 390.000000)
[2025-07-03 14:21:49.674] [debug] [ImguiLayer] Mouse Moved: (933, 390)
[2025-07-03 14:21:49.675] [info] [WindowsWindow] Mouse moved to (936, 386) in window KnightEngine
[2025-07-03 14:21:49.675] [info] [ApplicationEvent] Event received: MouseMovedEvent: (936.000000, 386.000000)
[2025-07-03 14:21:49.675] [debug] [ImguiLayer] Mouse Moved: (936, 386)
[2025-07-03 14:21:49.676] [info] [WindowsWindow] Mouse moved to (938, 385) in window KnightEngine
[2025-07-03 14:21:49.676] [info] [ApplicationEvent] Event received: MouseMovedEvent: (938.000000, 385.000000)
[2025-07-03 14:21:49.676] [debug] [ImguiLayer] Mouse Moved: (938, 385)
[2025-07-03 14:21:49.678] [info] [WindowsWindow] Mouse moved to (946, 377) in window KnightEngine
[2025-07-03 14:21:49.679] [info] [ApplicationEvent] Event received: MouseMovedEvent: (946.000000, 377.000000)
[2025-07-03 14:21:49.679] [debug] [ImguiLayer] Mouse Moved: (946, 377)
[2025-07-03 14:21:49.684] [info] [WindowsWindow] Mouse moved to (955, 367) in window KnightEngine
[2025-07-03 14:21:49.684] [info] [ApplicationEvent] Event received: MouseMovedEvent: (955.000000, 367.000000)
[2025-07-03 14:21:49.685] [debug] [ImguiLayer] Mouse Moved: (955, 367)
[2025-07-03 14:21:49.685] [info] [WindowsWindow] Mouse moved to (956, 365) in window KnightEngine
[2025-07-03 14:21:49.686] [info] [ApplicationEvent] Event received: MouseMovedEvent: (956.000000, 365.000000)
[2025-07-03 14:21:49.686] [debug] [ImguiLayer] Mouse Moved: (956, 365)
[2025-07-03 14:21:49.692] [info] [WindowsWindow] Mouse moved to (960, 359) in window KnightEngine
[2025-07-03 14:21:49.693] [info] [ApplicationEvent] Event received: MouseMovedEvent: (960.000000, 359.000000)
[2025-07-03 14:21:49.693] [debug] [ImguiLayer] Mouse Moved: (960, 359)
[2025-07-03 14:21:49.693] [info] [WindowsWindow] Mouse moved to (962, 356) in window KnightEngine
[2025-07-03 14:21:49.693] [info] [ApplicationEvent] Event received: MouseMovedEvent: (962.000000, 356.000000)
[2025-07-03 14:21:49.694] [debug] [ImguiLayer] Mouse Moved: (962, 356)
[2025-07-03 14:21:49.694] [info] [WindowsWindow] Mouse moved to (963, 354) in window KnightEngine
[2025-07-03 14:21:49.694] [info] [ApplicationEvent] Event received: MouseMovedEvent: (963.000000, 354.000000)
[2025-07-03 14:21:49.695] [debug] [ImguiLayer] Mouse Moved: (963, 354)
[2025-07-03 14:21:49.695] [info] [WindowsWindow] Mouse moved to (965, 351) in window KnightEngine
[2025-07-03 14:21:49.695] [info] [ApplicationEvent] Event received: MouseMovedEvent: (965.000000, 351.000000)
[2025-07-03 14:21:49.696] [debug] [ImguiLayer] Mouse Moved: (965, 351)
[2025-07-03 14:21:49.696] [info] [WindowsWindow] Mouse moved to (966, 349) in window KnightEngine
[2025-07-03 14:21:49.696] [info] [ApplicationEvent] Event received: MouseMovedEvent: (966.000000, 349.000000)
[2025-07-03 14:21:49.696] [debug] [ImguiLayer] Mouse Moved: (966, 349)
[2025-07-03 14:21:49.697] [info] [WindowsWindow] Mouse moved to (969, 346) in window KnightEngine
[2025-07-03 14:21:49.697] [info] [ApplicationEvent] Event received: MouseMovedEvent: (969.000000, 346.000000)
[2025-07-03 14:21:49.698] [debug] [ImguiLayer] Mouse Moved: (969, 346)
[2025-07-03 14:21:49.704] [info] [WindowsWindow] Mouse moved to (977, 327) in window KnightEngine
[2025-07-03 14:21:49.705] [info] [ApplicationEvent] Event received: MouseMovedEvent: (977.000000, 327.000000)
[2025-07-03 14:21:49.706] [debug] [ImguiLayer] Mouse Moved: (977, 327)
[2025-07-03 14:21:49.707] [info] [WindowsWindow] Mouse moved to (979, 323) in window KnightEngine
[2025-07-03 14:21:49.708] [info] [ApplicationEvent] Event received: MouseMovedEvent: (979.000000, 323.000000)
[2025-07-03 14:21:49.709] [debug] [ImguiLayer] Mouse Moved: (979, 323)
[2025-07-03 14:21:49.710] [info] [WindowsWindow] Mouse moved to (980, 321) in window KnightEngine
[2025-07-03 14:21:49.711] [info] [ApplicationEvent] Event received: MouseMovedEvent: (980.000000, 321.000000)
[2025-07-03 14:21:49.711] [debug] [ImguiLayer] Mouse Moved: (980, 321)
[2025-07-03 14:21:49.712] [info] [WindowsWindow] Mouse moved to (983, 312) in window KnightEngine
[2025-07-03 14:21:49.713] [info] [ApplicationEvent] Event received: MouseMovedEvent: (983.000000, 312.000000)
[2025-07-03 14:21:49.714] [debug] [ImguiLayer] Mouse Moved: (983, 312)
[2025-07-03 14:21:49.715] [info] [WindowsWindow] Mouse moved to (985, 308) in window KnightEngine
[2025-07-03 14:21:49.715] [info] [ApplicationEvent] Event received: MouseMovedEvent: (985.000000, 308.000000)
[2025-07-03 14:21:49.716] [debug] [ImguiLayer] Mouse Moved: (985, 308)
[2025-07-03 14:21:49.716] [info] [WindowsWindow] Mouse moved to (987, 305) in window KnightEngine
[2025-07-03 14:21:49.717] [info] [ApplicationEvent] Event received: MouseMovedEvent: (987.000000, 305.000000)
[2025-07-03 14:21:49.718] [debug] [ImguiLayer] Mouse Moved: (987, 305)
[2025-07-03 14:21:49.724] [info] [WindowsWindow] Mouse moved to (1010, 233) in window KnightEngine
[2025-07-03 14:21:49.725] [info] [ApplicationEvent] Event received: MouseMovedEvent: (1010.000000, 233.000000)
[2025-07-03 14:21:49.725] [debug] [ImguiLayer] Mouse Moved: (1010, 233)
[2025-07-03 14:21:49.725] [info] [WindowsWindow] Mouse moved to (1012, 229) in window KnightEngine
[2025-07-03 14:21:49.726] [info] [ApplicationEvent] Event received: MouseMovedEvent: (1012.000000, 229.000000)
[2025-07-03 14:21:49.726] [debug] [ImguiLayer] Mouse Moved: (1012, 229)
[2025-07-03 14:21:49.727] [info] [WindowsWindow] Mouse moved to (1013, 224) in window KnightEngine
[2025-07-03 14:21:49.727] [info] [ApplicationEvent] Event received: MouseMovedEvent: (1013.000000, 224.000000)
[2025-07-03 14:21:49.728] [debug] [ImguiLayer] Mouse Moved: (1013, 224)
[2025-07-03 14:21:49.728] [info] [WindowsWindow] Mouse moved to (1015, 217) in window KnightEngine
[2025-07-03 14:21:49.728] [info] [ApplicationEvent] Event received: MouseMovedEvent: (1015.000000, 217.000000)
[2025-07-03 14:21:49.729] [debug] [ImguiLayer] Mouse Moved: (1015, 217)
[2025-07-03 14:21:49.729] [info] [WindowsWindow] Mouse moved to (1017, 213) in window KnightEngine
[2025-07-03 14:21:49.729] [info] [ApplicationEvent] Event received: MouseMovedEvent: (1017.000000, 213.000000)
[2025-07-03 14:21:49.730] [debug] [ImguiLayer] Mouse Moved: (1017, 213)
[2025-07-03 14:21:49.730] [info] [WindowsWindow] Mouse moved to (1018, 208) in window KnightEngine
[2025-07-03 14:21:49.730] [info] [ApplicationEvent] Event received: MouseMovedEvent: (1018.000000, 208.000000)
[2025-07-03 14:21:49.730] [debug] [ImguiLayer] Mouse Moved: (1018, 208)
[2025-07-03 14:21:49.732] [info] [WindowsWindow] Mouse moved to (1033, 167) in window KnightEngine
[2025-07-03 14:21:49.732] [info] [ApplicationEvent] Event received: MouseMovedEvent: (1033.000000, 167.000000)
[2025-07-03 14:21:49.733] [debug] [ImguiLayer] Mouse Moved: (1033, 167)
[2025-07-03 14:21:49.737] [info] [WindowsWindow] Mouse moved to (1041, 147) in window KnightEngine
[2025-07-03 14:21:49.737] [info] [ApplicationEvent] Event received: MouseMovedEvent: (1041.000000, 147.000000)
[2025-07-03 14:21:49.738] [debug] [ImguiLayer] Mouse Moved: (1041, 147)
[2025-07-03 14:21:49.742] [info] [WindowsWindow] Mouse moved to (1046, 134) in window KnightEngine
[2025-07-03 14:21:49.743] [info] [ApplicationEvent] Event received: MouseMovedEvent: (1046.000000, 134.000000)
[2025-07-03 14:21:49.743] [debug] [ImguiLayer] Mouse Moved: (1046, 134)
[2025-07-03 14:21:49.744] [info] [WindowsWindow] Mouse moved to (1047, 130) in window KnightEngine
[2025-07-03 14:21:49.744] [info] [ApplicationEvent] Event received: MouseMovedEvent: (1047.000000, 130.000000)
[2025-07-03 14:21:49.744] [debug] [ImguiLayer] Mouse Moved: (1047, 130)
[2025-07-03 14:21:49.750] [info] [WindowsWindow] Mouse moved to (1053, 117) in window KnightEngine
[2025-07-03 14:21:49.751] [info] [ApplicationEvent] Event received: MouseMovedEvent: (1053.000000, 117.000000)
[2025-07-03 14:21:49.751] [debug] [ImguiLayer] Mouse Moved: (1053, 117)
[2025-07-03 14:21:49.751] [info] [WindowsWindow] Mouse moved to (1054, 115) in window KnightEngine
[2025-07-03 14:21:49.751] [info] [ApplicationEvent] Event received: MouseMovedEvent: (1054.000000, 115.000000)
[2025-07-03 14:21:49.752] [debug] [ImguiLayer] Mouse Moved: (1054, 115)
[2025-07-03 14:21:49.752] [info] [WindowsWindow] Mouse moved to (1055, 113) in window KnightEngine
[2025-07-03 14:21:49.752] [info] [ApplicationEvent] Event received: MouseMovedEvent: (1055.000000, 113.000000)
[2025-07-03 14:21:49.753] [debug] [ImguiLayer] Mouse Moved: (1055, 113)
[2025-07-03 14:21:49.753] [info] [WindowsWindow] Mouse moved to (1057, 111) in window KnightEngine
[2025-07-03 14:21:49.753] [info] [ApplicationEvent] Event received: MouseMovedEvent: (1057.000000, 111.000000)
[2025-07-03 14:21:49.754] [debug] [ImguiLayer] Mouse Moved: (1057, 111)
[2025-07-03 14:21:49.754] [info] [WindowsWindow] Mouse moved to (1058, 107) in window KnightEngine
[2025-07-03 14:21:49.754] [info] [ApplicationEvent] Event received: MouseMovedEvent: (1058.000000, 107.000000)
[2025-07-03 14:21:49.755] [debug] [ImguiLayer] Mouse Moved: (1058, 107)
[2025-07-03 14:21:49.755] [info] [WindowsWindow] Mouse moved to (1060, 105) in window KnightEngine
[2025-07-03 14:21:49.755] [info] [ApplicationEvent] Event received: MouseMovedEvent: (1060.000000, 105.000000)
[2025-07-03 14:21:49.755] [debug] [ImguiLayer] Mouse Moved: (1060, 105)
[2025-07-03 14:21:49.757] [info] [WindowsWindow] Mouse moved to (1065, 95) in window KnightEngine
[2025-07-03 14:21:49.758] [info] [ApplicationEvent] Event received: MouseMovedEvent: (1065.000000, 95.000000)
[2025-07-03 14:21:49.759] [debug] [ImguiLayer] Mouse Moved: (1065, 95)
[2025-07-03 14:21:49.762] [info] [WindowsWindow] Mouse moved to (1069, 89) in window KnightEngine
[2025-07-03 14:21:49.762] [info] [ApplicationEvent] Event received: MouseMovedEvent: (1069.000000, 89.000000)
[2025-07-03 14:21:49.763] [debug] [ImguiLayer] Mouse Moved: (1069, 89)
[2025-07-03 14:21:49.766] [info] [WindowsWindow] Mouse moved to (1071, 84) in window KnightEngine
[2025-07-03 14:21:49.767] [info] [ApplicationEvent] Event received: MouseMovedEvent: (1071.000000, 84.000000)
[2025-07-03 14:21:49.767] [debug] [ImguiLayer] Mouse Moved: (1071, 84)
[2025-07-03 14:21:49.770] [info] [WindowsWindow] Mouse moved to (1073, 80) in window KnightEngine
[2025-07-03 14:21:49.770] [info] [ApplicationEvent] Event received: MouseMovedEvent: (1073.000000, 80.000000)
[2025-07-03 14:21:49.771] [debug] [ImguiLayer] Mouse Moved: (1073, 80)
[2025-07-03 14:21:49.776] [info] [WindowsWindow] Mouse moved to (1076, 75) in window KnightEngine
[2025-07-03 14:21:49.776] [info] [ApplicationEvent] Event received: MouseMovedEvent: (1076.000000, 75.000000)
[2025-07-03 14:21:49.777] [debug] [ImguiLayer] Mouse Moved: (1076, 75)
[2025-07-03 14:21:49.777] [info] [WindowsWindow] Mouse moved to (1077, 74) in window KnightEngine
[2025-07-03 14:21:49.777] [info] [ApplicationEvent] Event received: MouseMovedEvent: (1077.000000, 74.000000)
[2025-07-03 14:21:49.777] [debug] [ImguiLayer] Mouse Moved: (1077, 74)
[2025-07-03 14:21:49.780] [info] [WindowsWindow] Mouse moved to (1077, 72) in window KnightEngine
[2025-07-03 14:21:49.780] [info] [ApplicationEvent] Event received: MouseMovedEvent: (1077.000000, 72.000000)
[2025-07-03 14:21:49.781] [debug] [ImguiLayer] Mouse Moved: (1077, 72)
[2025-07-03 14:21:49.781] [info] [WindowsWindow] Mouse moved to (1078, 71) in window KnightEngine
[2025-07-03 14:21:49.781] [info] [ApplicationEvent] Event received: MouseMovedEvent: (1078.000000, 71.000000)
[2025-07-03 14:21:49.781] [debug] [ImguiLayer] Mouse Moved: (1078, 71)
[2025-07-03 14:21:49.782] [info] [WindowsWindow] Mouse moved to (1078, 70) in window KnightEngine
[2025-07-03 14:21:49.782] [info] [ApplicationEvent] Event received: MouseMovedEvent: (1078.000000, 70.000000)
[2025-07-03 14:21:49.782] [debug] [ImguiLayer] Mouse Moved: (1078, 70)
[2025-07-03 14:21:49.784] [info] [WindowsWindow] Mouse moved to (1080, 67) in window KnightEngine
[2025-07-03 14:21:49.784] [info] [ApplicationEvent] Event received: MouseMovedEvent: (1080.000000, 67.000000)
[2025-07-03 14:21:49.785] [debug] [ImguiLayer] Mouse Moved: (1080, 67)
[2025-07-03 14:21:49.785] [info] [WindowsWindow] Mouse moved to (1080, 66) in window KnightEngine
[2025-07-03 14:21:49.786] [info] [ApplicationEvent] Event received: MouseMovedEvent: (1080.000000, 66.000000)
[2025-07-03 14:21:49.786] [debug] [ImguiLayer] Mouse Moved: (1080, 66)
[2025-07-03 14:21:49.788] [info] [WindowsWindow] Mouse moved to (1082, 60) in window KnightEngine
[2025-07-03 14:21:49.788] [info] [ApplicationEvent] Event received: MouseMovedEvent: (1082.000000, 60.000000)
[2025-07-03 14:21:49.788] [debug] [ImguiLayer] Mouse Moved: (1082, 60)
[2025-07-03 14:21:49.792] [info] [WindowsWindow] Mouse moved to (1083, 58) in window KnightEngine
[2025-07-03 14:21:49.792] [info] [ApplicationEvent] Event received: MouseMovedEvent: (1083.000000, 58.000000)
[2025-07-03 14:21:49.793] [debug] [ImguiLayer] Mouse Moved: (1083, 58)
[2025-07-03 14:21:49.793] [info] [WindowsWindow] Mouse moved to (1084, 56) in window KnightEngine
[2025-07-03 14:21:49.793] [info] [ApplicationEvent] Event received: MouseMovedEvent: (1084.000000, 56.000000)
[2025-07-03 14:21:49.793] [debug] [ImguiLayer] Mouse Moved: (1084, 56)
[2025-07-03 14:21:49.795] [info] [WindowsWindow] Mouse moved to (1085, 53) in window KnightEngine
[2025-07-03 14:21:49.795] [info] [ApplicationEvent] Event received: MouseMovedEvent: (1085.000000, 53.000000)
[2025-07-03 14:21:49.796] [debug] [ImguiLayer] Mouse Moved: (1085, 53)
[2025-07-03 14:21:49.799] [info] [WindowsWindow] Mouse moved to (1085, 50) in window KnightEngine
[2025-07-03 14:21:49.800] [info] [ApplicationEvent] Event received: MouseMovedEvent: (1085.000000, 50.000000)
[2025-07-03 14:21:49.800] [debug] [ImguiLayer] Mouse Moved: (1085, 50)
[2025-07-03 14:21:49.804] [info] [WindowsWindow] Mouse moved to (1086, 46) in window KnightEngine
[2025-07-03 14:21:49.805] [info] [ApplicationEvent] Event received: MouseMovedEvent: (1086.000000, 46.000000)
[2025-07-03 14:21:49.805] [debug] [ImguiLayer] Mouse Moved: (1086, 46)
[2025-07-03 14:21:49.806] [info] [WindowsWindow] Mouse moved to (1087, 46) in window KnightEngine
[2025-07-03 14:21:49.806] [info] [ApplicationEvent] Event received: MouseMovedEvent: (1087.000000, 46.000000)
[2025-07-03 14:21:49.806] [debug] [ImguiLayer] Mouse Moved: (1087, 46)
[2025-07-03 14:21:49.809] [info] [WindowsWindow] Mouse moved to (1088, 44) in window KnightEngine
[2025-07-03 14:21:49.809] [info] [ApplicationEvent] Event received: MouseMovedEvent: (1088.000000, 44.000000)
[2025-07-03 14:21:49.810] [debug] [ImguiLayer] Mouse Moved: (1088, 44)
[2025-07-03 14:21:49.810] [info] [WindowsWindow] Mouse moved to (1088, 43) in window KnightEngine
[2025-07-03 14:21:49.810] [info] [ApplicationEvent] Event received: MouseMovedEvent: (1088.000000, 43.000000)
[2025-07-03 14:21:49.810] [debug] [ImguiLayer] Mouse Moved: (1088, 43)
[2025-07-03 14:21:49.811] [info] [WindowsWindow] Mouse moved to (1088, 42) in window KnightEngine
[2025-07-03 14:21:49.811] [info] [ApplicationEvent] Event received: MouseMovedEvent: (1088.000000, 42.000000)
[2025-07-03 14:21:49.811] [debug] [ImguiLayer] Mouse Moved: (1088, 42)
[2025-07-03 14:21:49.813] [info] [WindowsWindow] Mouse moved to (1089, 40) in window KnightEngine
[2025-07-03 14:21:49.814] [info] [ApplicationEvent] Event received: MouseMovedEvent: (1089.000000, 40.000000)
[2025-07-03 14:21:49.814] [debug] [ImguiLayer] Mouse Moved: (1089, 40)
[2025-07-03 14:21:49.814] [info] [WindowsWindow] Mouse moved to (1090, 40) in window KnightEngine
[2025-07-03 14:21:49.814] [info] [ApplicationEvent] Event received: MouseMovedEvent: (1090.000000, 40.000000)
[2025-07-03 14:21:49.815] [debug] [ImguiLayer] Mouse Moved: (1090, 40)
[2025-07-03 14:21:49.816] [info] [WindowsWindow] Mouse moved to (1090, 39) in window KnightEngine
[2025-07-03 14:21:49.816] [info] [ApplicationEvent] Event received: MouseMovedEvent: (1090.000000, 39.000000)
[2025-07-03 14:21:49.817] [debug] [ImguiLayer] Mouse Moved: (1090, 39)
[2025-07-03 14:21:49.822] [info] [WindowsWindow] Mouse moved to (1091, 37) in window KnightEngine
[2025-07-03 14:21:49.824] [info] [ApplicationEvent] Event received: MouseMovedEvent: (1091.000000, 37.000000)
[2025-07-03 14:21:49.824] [debug] [ImguiLayer] Mouse Moved: (1091, 37)
[2025-07-03 14:21:49.824] [info] [WindowsWindow] Mouse moved to (1091, 36) in window KnightEngine
[2025-07-03 14:21:49.825] [info] [ApplicationEvent] Event received: MouseMovedEvent: (1091.000000, 36.000000)
[2025-07-03 14:21:49.825] [debug] [ImguiLayer] Mouse Moved: (1091, 36)
[2025-07-03 14:21:49.825] [info] [WindowsWindow] Mouse moved to (1091, 35) in window KnightEngine
[2025-07-03 14:21:49.826] [info] [ApplicationEvent] Event received: MouseMovedEvent: (1091.000000, 35.000000)
[2025-07-03 14:21:49.826] [debug] [ImguiLayer] Mouse Moved: (1091, 35)
[2025-07-03 14:21:49.829] [info] [WindowsWindow] Mouse moved to (1092, 33) in window KnightEngine
[2025-07-03 14:21:49.830] [info] [ApplicationEvent] Event received: MouseMovedEvent: (1092.000000, 33.000000)
[2025-07-03 14:21:49.831] [debug] [ImguiLayer] Mouse Moved: (1092, 33)
[2025-07-03 14:21:49.832] [info] [WindowsWindow] Mouse moved to (1092, 32) in window KnightEngine
[2025-07-03 14:21:49.833] [info] [ApplicationEvent] Event received: MouseMovedEvent: (1092.000000, 32.000000)
[2025-07-03 14:21:49.833] [debug] [ImguiLayer] Mouse Moved: (1092, 32)
[2025-07-03 14:21:49.835] [info] [WindowsWindow] Mouse moved to (1094, 29) in window KnightEngine
[2025-07-03 14:21:49.836] [info] [ApplicationEvent] Event received: MouseMovedEvent: (1094.000000, 29.000000)
[2025-07-03 14:21:49.836] [debug] [ImguiLayer] Mouse Moved: (1094, 29)
[2025-07-03 14:21:49.841] [info] [WindowsWindow] Mouse moved to (1095, 27) in window KnightEngine
[2025-07-03 14:21:49.841] [info] [ApplicationEvent] Event received: MouseMovedEvent: (1095.000000, 27.000000)
[2025-07-03 14:21:49.842] [debug] [ImguiLayer] Mouse Moved: (1095, 27)
[2025-07-03 14:21:49.842] [info] [WindowsWindow] Mouse moved to (1095, 26) in window KnightEngine
[2025-07-03 14:21:49.842] [info] [ApplicationEvent] Event received: MouseMovedEvent: (1095.000000, 26.000000)
[2025-07-03 14:21:49.842] [debug] [ImguiLayer] Mouse Moved: (1095, 26)
[2025-07-03 14:21:49.844] [info] [WindowsWindow] Mouse moved to (1096, 25) in window KnightEngine
[2025-07-03 14:21:49.845] [info] [ApplicationEvent] Event received: MouseMovedEvent: (1096.000000, 25.000000)
[2025-07-03 14:21:49.845] [debug] [ImguiLayer] Mouse Moved: (1096, 25)
[2025-07-03 14:21:49.849] [info] [WindowsWindow] Mouse moved to (1096, 24) in window KnightEngine
[2025-07-03 14:21:49.849] [info] [ApplicationEvent] Event received: MouseMovedEvent: (1096.000000, 24.000000)
[2025-07-03 14:21:49.849] [debug] [ImguiLayer] Mouse Moved: (1096, 24)
[2025-07-03 14:21:49.858] [info] [WindowsWindow] Mouse moved to (1096, 23) in window KnightEngine
[2025-07-03 14:21:49.859] [info] [ApplicationEvent] Event received: MouseMovedEvent: (1096.000000, 23.000000)
[2025-07-03 14:21:49.859] [debug] [ImguiLayer] Mouse Moved: (1096, 23)
[2025-07-03 14:21:49.863] [info] [WindowsWindow] Mouse moved to (1097, 23) in window KnightEngine
[2025-07-03 14:21:49.863] [info] [ApplicationEvent] Event received: MouseMovedEvent: (1097.000000, 23.000000)
[2025-07-03 14:21:49.864] [debug] [ImguiLayer] Mouse Moved: (1097, 23)
[2025-07-03 14:21:49.870] [info] [WindowsWindow] Mouse moved to (1098, 22) in window KnightEngine
[2025-07-03 14:21:49.871] [info] [ApplicationEvent] Event received: MouseMovedEvent: (1098.000000, 22.000000)
[2025-07-03 14:21:49.872] [debug] [ImguiLayer] Mouse Moved: (1098, 22)
[2025-07-03 14:21:49.877] [info] [WindowsWindow] Mouse moved to (1099, 22) in window KnightEngine
[2025-07-03 14:21:49.878] [info] [ApplicationEvent] Event received: MouseMovedEvent: (1099.000000, 22.000000)
[2025-07-03 14:21:49.878] [debug] [ImguiLayer] Mouse Moved: (1099, 22)
[2025-07-03 14:21:49.879] [info] [WindowsWindow] Mouse moved to (1099, 21) in window KnightEngine
[2025-07-03 14:21:49.880] [info] [ApplicationEvent] Event received: MouseMovedEvent: (1099.000000, 21.000000)
[2025-07-03 14:21:49.880] [debug] [ImguiLayer] Mouse Moved: (1099, 21)
[2025-07-03 14:21:49.883] [info] [WindowsWindow] Mouse moved to (1101, 19) in window KnightEngine
[2025-07-03 14:21:49.884] [info] [ApplicationEvent] Event received: MouseMovedEvent: (1101.000000, 19.000000)
[2025-07-03 14:21:49.885] [debug] [ImguiLayer] Mouse Moved: (1101, 19)
[2025-07-03 14:21:49.890] [info] [WindowsWindow] Mouse moved to (1102, 18) in window KnightEngine
[2025-07-03 14:21:49.891] [info] [ApplicationEvent] Event received: MouseMovedEvent: (1102.000000, 18.000000)
[2025-07-03 14:21:49.891] [debug] [ImguiLayer] Mouse Moved: (1102, 18)
[2025-07-03 14:21:49.892] [info] [WindowsWindow] Mouse moved to (1102, 17) in window KnightEngine
[2025-07-03 14:21:49.892] [info] [ApplicationEvent] Event received: MouseMovedEvent: (1102.000000, 17.000000)
[2025-07-03 14:21:49.893] [debug] [ImguiLayer] Mouse Moved: (1102, 17)
[2025-07-03 14:21:49.896] [info] [WindowsWindow] Mouse moved to (1104, 17) in window KnightEngine
[2025-07-03 14:21:49.896] [info] [ApplicationEvent] Event received: MouseMovedEvent: (1104.000000, 17.000000)
[2025-07-03 14:21:49.896] [debug] [ImguiLayer] Mouse Moved: (1104, 17)
[2025-07-03 14:21:49.897] [info] [WindowsWindow] Mouse moved to (1104, 16) in window KnightEngine
[2025-07-03 14:21:49.897] [info] [ApplicationEvent] Event received: MouseMovedEvent: (1104.000000, 16.000000)
[2025-07-03 14:21:49.897] [debug] [ImguiLayer] Mouse Moved: (1104, 16)
[2025-07-03 14:21:49.899] [info] [WindowsWindow] Mouse moved to (1105, 15) in window KnightEngine
[2025-07-03 14:21:49.899] [info] [ApplicationEvent] Event received: MouseMovedEvent: (1105.000000, 15.000000)
[2025-07-03 14:21:49.900] [debug] [ImguiLayer] Mouse Moved: (1105, 15)
[2025-07-03 14:21:49.903] [info] [WindowsWindow] Mouse moved to (1107, 14) in window KnightEngine
[2025-07-03 14:21:49.904] [info] [ApplicationEvent] Event received: MouseMovedEvent: (1107.000000, 14.000000)
[2025-07-03 14:21:49.904] [debug] [ImguiLayer] Mouse Moved: (1107, 14)
[2025-07-03 14:21:49.907] [info] [WindowsWindow] Mouse moved to (1108, 13) in window KnightEngine
[2025-07-03 14:21:49.908] [info] [ApplicationEvent] Event received: MouseMovedEvent: (1108.000000, 13.000000)
[2025-07-03 14:21:49.908] [debug] [ImguiLayer] Mouse Moved: (1108, 13)
[2025-07-03 14:21:49.912] [info] [WindowsWindow] Mouse moved to (1109, 12) in window KnightEngine
[2025-07-03 14:21:49.913] [info] [ApplicationEvent] Event received: MouseMovedEvent: (1109.000000, 12.000000)
[2025-07-03 14:21:49.913] [debug] [ImguiLayer] Mouse Moved: (1109, 12)
[2025-07-03 14:21:49.913] [info] [WindowsWindow] Mouse moved to (1109, 11) in window KnightEngine
[2025-07-03 14:21:49.914] [info] [ApplicationEvent] Event received: MouseMovedEvent: (1109.000000, 11.000000)
[2025-07-03 14:21:49.914] [debug] [ImguiLayer] Mouse Moved: (1109, 11)
[2025-07-03 14:21:49.917] [info] [WindowsWindow] Mouse moved to (1111, 11) in window KnightEngine
[2025-07-03 14:21:49.917] [info] [ApplicationEvent] Event received: MouseMovedEvent: (1111.000000, 11.000000)
[2025-07-03 14:21:49.917] [debug] [ImguiLayer] Mouse Moved: (1111, 11)
[2025-07-03 14:21:49.921] [info] [WindowsWindow] Mouse moved to (1113, 10) in window KnightEngine
[2025-07-03 14:21:49.921] [info] [ApplicationEvent] Event received: MouseMovedEvent: (1113.000000, 10.000000)
[2025-07-03 14:21:49.921] [debug] [ImguiLayer] Mouse Moved: (1113, 10)
[2025-07-03 14:21:49.925] [info] [WindowsWindow] Mouse moved to (1114, 10) in window KnightEngine
[2025-07-03 14:21:49.926] [info] [ApplicationEvent] Event received: MouseMovedEvent: (1114.000000, 10.000000)
[2025-07-03 14:21:49.928] [debug] [ImguiLayer] Mouse Moved: (1114, 10)
[2025-07-03 14:21:49.933] [info] [WindowsWindow] Mouse moved to (1115, 9) in window KnightEngine
[2025-07-03 14:21:49.933] [info] [ApplicationEvent] Event received: MouseMovedEvent: (1115.000000, 9.000000)
[2025-07-03 14:21:49.934] [debug] [ImguiLayer] Mouse Moved: (1115, 9)
[2025-07-03 14:21:49.936] [info] [WindowsWindow] Mouse moved to (1116, 9) in window KnightEngine
[2025-07-03 14:21:49.937] [info] [ApplicationEvent] Event received: MouseMovedEvent: (1116.000000, 9.000000)
[2025-07-03 14:21:49.937] [debug] [ImguiLayer] Mouse Moved: (1116, 9)
[2025-07-03 14:21:49.941] [info] [WindowsWindow] Mouse moved to (1117, 9) in window KnightEngine
[2025-07-03 14:21:49.941] [info] [ApplicationEvent] Event received: MouseMovedEvent: (1117.000000, 9.000000)
[2025-07-03 14:21:49.941] [debug] [ImguiLayer] Mouse Moved: (1117, 9)
[2025-07-03 14:21:49.958] [info] [WindowsWindow] Mouse moved to (1118, 9) in window KnightEngine
[2025-07-03 14:21:49.959] [info] [ApplicationEvent] Event received: MouseMovedEvent: (1118.000000, 9.000000)
[2025-07-03 14:21:49.959] [debug] [ImguiLayer] Mouse Moved: (1118, 9)
[2025-07-03 14:21:49.970] [info] [WindowsWindow] Mouse moved to (1119, 9) in window KnightEngine
[2025-07-03 14:21:49.971] [info] [ApplicationEvent] Event received: MouseMovedEvent: (1119.000000, 9.000000)
[2025-07-03 14:21:49.971] [debug] [ImguiLayer] Mouse Moved: (1119, 9)
[2025-07-03 14:21:49.976] [info] [WindowsWindow] Mouse moved to (1120, 9) in window KnightEngine
[2025-07-03 14:21:49.976] [info] [ApplicationEvent] Event received: MouseMovedEvent: (1120.000000, 9.000000)
[2025-07-03 14:21:49.977] [debug] [ImguiLayer] Mouse Moved: (1120, 9)
[2025-07-03 14:21:49.984] [info] [WindowsWindow] Mouse moved to (1121, 9) in window KnightEngine
[2025-07-03 14:21:49.985] [info] [ApplicationEvent] Event received: MouseMovedEvent: (1121.000000, 9.000000)
[2025-07-03 14:21:49.985] [debug] [ImguiLayer] Mouse Moved: (1121, 9)
[2025-07-03 14:21:49.986] [info] [WindowsWindow] Mouse moved to (1122, 9) in window KnightEngine
[2025-07-03 14:21:49.987] [info] [ApplicationEvent] Event received: MouseMovedEvent: (1122.000000, 9.000000)
[2025-07-03 14:21:49.987] [debug] [ImguiLayer] Mouse Moved: (1122, 9)
[2025-07-03 14:21:49.989] [info] [WindowsWindow] Mouse moved to (1125, 9) in window KnightEngine
[2025-07-03 14:21:49.989] [info] [ApplicationEvent] Event received: MouseMovedEvent: (1125.000000, 9.000000)
[2025-07-03 14:21:49.990] [debug] [ImguiLayer] Mouse Moved: (1125, 9)
[2025-07-03 14:21:49.991] [info] [WindowsWindow] Mouse moved to (1126, 9) in window KnightEngine
[2025-07-03 14:21:49.991] [info] [ApplicationEvent] Event received: MouseMovedEvent: (1126.000000, 9.000000)
[2025-07-03 14:21:49.992] [debug] [ImguiLayer] Mouse Moved: (1126, 9)
[2025-07-03 14:21:50.010] [info] [WindowsWindow] Mouse moved to (1129, 9) in window KnightEngine
[2025-07-03 14:21:50.011] [info] [ApplicationEvent] Event received: MouseMovedEvent: (1129.000000, 9.000000)
[2025-07-03 14:21:50.011] [debug] [ImguiLayer] Mouse Moved: (1129, 9)
[2025-07-03 14:21:50.012] [info] [WindowsWindow] Mouse moved to (1131, 9) in window KnightEngine
[2025-07-03 14:21:50.012] [info] [ApplicationEvent] Event received: MouseMovedEvent: (1131.000000, 9.000000)
[2025-07-03 14:21:50.013] [debug] [ImguiLayer] Mouse Moved: (1131, 9)
[2025-07-03 14:21:50.013] [info] [WindowsWindow] Mouse moved to (1132, 9) in window KnightEngine
[2025-07-03 14:21:50.013] [info] [ApplicationEvent] Event received: MouseMovedEvent: (1132.000000, 9.000000)
[2025-07-03 14:21:50.014] [debug] [ImguiLayer] Mouse Moved: (1132, 9)
[2025-07-03 14:21:50.014] [info] [WindowsWindow] Mouse moved to (1134, 9) in window KnightEngine
[2025-07-03 14:21:50.015] [info] [ApplicationEvent] Event received: MouseMovedEvent: (1134.000000, 9.000000)
[2025-07-03 14:21:50.015] [debug] [ImguiLayer] Mouse Moved: (1134, 9)
[2025-07-03 14:21:50.015] [info] [WindowsWindow] Mouse moved to (1137, 9) in window KnightEngine
[2025-07-03 14:21:50.016] [info] [ApplicationEvent] Event received: MouseMovedEvent: (1137.000000, 9.000000)
[2025-07-03 14:21:50.017] [debug] [ImguiLayer] Mouse Moved: (1137, 9)
[2025-07-03 14:21:50.018] [info] [WindowsWindow] Mouse moved to (1138, 9) in window KnightEngine
[2025-07-03 14:21:50.018] [info] [ApplicationEvent] Event received: MouseMovedEvent: (1138.000000, 9.000000)
[2025-07-03 14:21:50.019] [debug] [ImguiLayer] Mouse Moved: (1138, 9)
[2025-07-03 14:21:50.019] [info] [WindowsWindow] Mouse moved to (1138, 10) in window KnightEngine
[2025-07-03 14:21:50.019] [info] [ApplicationEvent] Event received: MouseMovedEvent: (1138.000000, 10.000000)
[2025-07-03 14:21:50.020] [debug] [ImguiLayer] Mouse Moved: (1138, 10)
[2025-07-03 14:21:50.020] [info] [WindowsWindow] Mouse moved to (1140, 10) in window KnightEngine
[2025-07-03 14:21:50.020] [info] [ApplicationEvent] Event received: MouseMovedEvent: (1140.000000, 10.000000)
[2025-07-03 14:21:50.021] [debug] [ImguiLayer] Mouse Moved: (1140, 10)
[2025-07-03 14:21:50.021] [info] [WindowsWindow] Mouse moved to (1141, 10) in window KnightEngine
[2025-07-03 14:21:50.021] [info] [ApplicationEvent] Event received: MouseMovedEvent: (1141.000000, 10.000000)
[2025-07-03 14:21:50.022] [debug] [ImguiLayer] Mouse Moved: (1141, 10)
[2025-07-03 14:21:50.022] [info] [WindowsWindow] Mouse moved to (1142, 10) in window KnightEngine
[2025-07-03 14:21:50.022] [info] [ApplicationEvent] Event received: MouseMovedEvent: (1142.000000, 10.000000)
[2025-07-03 14:21:50.023] [debug] [ImguiLayer] Mouse Moved: (1142, 10)
[2025-07-03 14:21:50.023] [info] [WindowsWindow] Mouse moved to (1143, 10) in window KnightEngine
[2025-07-03 14:21:50.023] [info] [ApplicationEvent] Event received: MouseMovedEvent: (1143.000000, 10.000000)
[2025-07-03 14:21:50.023] [debug] [ImguiLayer] Mouse Moved: (1143, 10)
[2025-07-03 14:21:50.026] [info] [WindowsWindow] Mouse moved to (1153, 12) in window KnightEngine
[2025-07-03 14:21:50.027] [info] [ApplicationEvent] Event received: MouseMovedEvent: (1153.000000, 12.000000)
[2025-07-03 14:21:50.027] [debug] [ImguiLayer] Mouse Moved: (1153, 12)
[2025-07-03 14:21:50.028] [info] [WindowsWindow] Mouse moved to (1154, 13) in window KnightEngine
[2025-07-03 14:21:50.028] [info] [ApplicationEvent] Event received: MouseMovedEvent: (1154.000000, 13.000000)
[2025-07-03 14:21:50.029] [debug] [ImguiLayer] Mouse Moved: (1154, 13)
[2025-07-03 14:21:50.030] [info] [WindowsWindow] Mouse moved to (1155, 13) in window KnightEngine
[2025-07-03 14:21:50.030] [info] [ApplicationEvent] Event received: MouseMovedEvent: (1155.000000, 13.000000)
[2025-07-03 14:21:50.031] [debug] [ImguiLayer] Mouse Moved: (1155, 13)
[2025-07-03 14:21:50.032] [info] [WindowsWindow] Mouse moved to (1156, 14) in window KnightEngine
[2025-07-03 14:21:50.032] [info] [ApplicationEvent] Event received: MouseMovedEvent: (1156.000000, 14.000000)
[2025-07-03 14:21:50.033] [debug] [ImguiLayer] Mouse Moved: (1156, 14)
[2025-07-03 14:21:50.036] [info] [WindowsWindow] Mouse moved to (1158, 15) in window KnightEngine
[2025-07-03 14:21:50.037] [info] [ApplicationEvent] Event received: MouseMovedEvent: (1158.000000, 15.000000)
[2025-07-03 14:21:50.037] [debug] [ImguiLayer] Mouse Moved: (1158, 15)
[2025-07-03 14:21:50.041] [info] [WindowsWindow] Mouse moved to (1159, 15) in window KnightEngine
[2025-07-03 14:21:50.042] [info] [ApplicationEvent] Event received: MouseMovedEvent: (1159.000000, 15.000000)
[2025-07-03 14:21:50.042] [debug] [ImguiLayer] Mouse Moved: (1159, 15)
[2025-07-03 14:21:50.045] [info] [WindowsWindow] Mouse moved to (1160, 16) in window KnightEngine
[2025-07-03 14:21:50.045] [info] [ApplicationEvent] Event received: MouseMovedEvent: (1160.000000, 16.000000)
[2025-07-03 14:21:50.046] [debug] [ImguiLayer] Mouse Moved: (1160, 16)
[2025-07-03 14:21:50.051] [info] [WindowsWindow] Mouse moved to (1161, 16) in window KnightEngine
[2025-07-03 14:21:50.052] [info] [ApplicationEvent] Event received: MouseMovedEvent: (1161.000000, 16.000000)
[2025-07-03 14:21:50.053] [debug] [ImguiLayer] Mouse Moved: (1161, 16)
[2025-07-03 14:21:50.055] [info] [WindowsWindow] Mouse moved to (1161, 17) in window KnightEngine
[2025-07-03 14:21:50.056] [info] [ApplicationEvent] Event received: MouseMovedEvent: (1161.000000, 17.000000)
[2025-07-03 14:21:50.056] [debug] [ImguiLayer] Mouse Moved: (1161, 17)
[2025-07-03 14:21:50.062] [info] [WindowsWindow] Mouse moved to (1162, 18) in window KnightEngine
[2025-07-03 14:21:50.063] [info] [ApplicationEvent] Event received: MouseMovedEvent: (1162.000000, 18.000000)
[2025-07-03 14:21:50.063] [debug] [ImguiLayer] Mouse Moved: (1162, 18)
[2025-07-03 14:21:50.063] [info] [WindowsWindow] Mouse moved to (1163, 18) in window KnightEngine
[2025-07-03 14:21:50.064] [info] [ApplicationEvent] Event received: MouseMovedEvent: (1163.000000, 18.000000)
[2025-07-03 14:21:50.064] [debug] [ImguiLayer] Mouse Moved: (1163, 18)
[2025-07-03 14:21:50.071] [info] [WindowsWindow] Mouse moved to (1164, 19) in window KnightEngine
[2025-07-03 14:21:50.072] [info] [ApplicationEvent] Event received: MouseMovedEvent: (1164.000000, 19.000000)
[2025-07-03 14:21:50.072] [debug] [ImguiLayer] Mouse Moved: (1164, 19)
[2025-07-03 14:21:50.080] [info] [WindowsWindow] Mouse moved to (1165, 19) in window KnightEngine
[2025-07-03 14:21:50.080] [info] [ApplicationEvent] Event received: MouseMovedEvent: (1165.000000, 19.000000)
[2025-07-03 14:21:50.081] [debug] [ImguiLayer] Mouse Moved: (1165, 19)
[2025-07-03 14:21:50.085] [info] [WindowsWindow] Mouse moved to (1165, 20) in window KnightEngine
[2025-07-03 14:21:50.086] [info] [ApplicationEvent] Event received: MouseMovedEvent: (1165.000000, 20.000000)
[2025-07-03 14:21:50.087] [debug] [ImguiLayer] Mouse Moved: (1165, 20)
[2025-07-03 14:21:50.142] [info] [WindowsWindow] Mouse moved to (1166, 21) in window KnightEngine
[2025-07-03 14:21:50.143] [info] [ApplicationEvent] Event received: MouseMovedEvent: (1166.000000, 21.000000)
[2025-07-03 14:21:50.143] [debug] [ImguiLayer] Mouse Moved: (1166, 21)
[2025-07-03 14:21:50.150] [info] [WindowsWindow] Mouse moved to (1167, 22) in window KnightEngine
[2025-07-03 14:21:50.151] [info] [ApplicationEvent] Event received: MouseMovedEvent: (1167.000000, 22.000000)
[2025-07-03 14:21:50.151] [debug] [ImguiLayer] Mouse Moved: (1167, 22)
[2025-07-03 14:21:50.159] [info] [WindowsWindow] Mouse moved to (1167, 23) in window KnightEngine
[2025-07-03 14:21:50.159] [info] [ApplicationEvent] Event received: MouseMovedEvent: (1167.000000, 23.000000)
[2025-07-03 14:21:50.160] [debug] [ImguiLayer] Mouse Moved: (1167, 23)
[2025-07-03 14:21:50.161] [info] [WindowsWindow] Mouse moved to (1168, 23) in window KnightEngine
[2025-07-03 14:21:50.161] [info] [ApplicationEvent] Event received: MouseMovedEvent: (1168.000000, 23.000000)
[2025-07-03 14:21:50.162] [debug] [ImguiLayer] Mouse Moved: (1168, 23)
[2025-07-03 14:21:50.163] [info] [WindowsWindow] Mouse moved to (1169, 24) in window KnightEngine
[2025-07-03 14:21:50.164] [info] [ApplicationEvent] Event received: MouseMovedEvent: (1169.000000, 24.000000)
[2025-07-03 14:21:50.164] [debug] [ImguiLayer] Mouse Moved: (1169, 24)
[2025-07-03 14:21:50.165] [info] [WindowsWindow] Mouse moved to (1169, 25) in window KnightEngine
[2025-07-03 14:21:50.165] [info] [ApplicationEvent] Event received: MouseMovedEvent: (1169.000000, 25.000000)
[2025-07-03 14:21:50.166] [debug] [ImguiLayer] Mouse Moved: (1169, 25)
[2025-07-03 14:21:50.166] [info] [WindowsWindow] Mouse moved to (1170, 25) in window KnightEngine
[2025-07-03 14:21:50.167] [info] [ApplicationEvent] Event received: MouseMovedEvent: (1170.000000, 25.000000)
[2025-07-03 14:21:50.167] [debug] [ImguiLayer] Mouse Moved: (1170, 25)
[2025-07-03 14:21:50.169] [info] [WindowsWindow] Mouse moved to (1173, 28) in window KnightEngine
[2025-07-03 14:21:50.170] [info] [ApplicationEvent] Event received: MouseMovedEvent: (1173.000000, 28.000000)
[2025-07-03 14:21:50.170] [debug] [ImguiLayer] Mouse Moved: (1173, 28)
[2025-07-03 14:21:50.175] [info] [WindowsWindow] Mouse moved to (1176, 29) in window KnightEngine
[2025-07-03 14:21:50.175] [info] [ApplicationEvent] Event received: MouseMovedEvent: (1176.000000, 29.000000)
[2025-07-03 14:21:50.176] [debug] [ImguiLayer] Mouse Moved: (1176, 29)
[2025-07-03 14:21:50.181] [info] [WindowsWindow] Mouse moved to (1177, 29) in window KnightEngine
[2025-07-03 14:21:50.181] [info] [ApplicationEvent] Event received: MouseMovedEvent: (1177.000000, 29.000000)
[2025-07-03 14:21:50.182] [debug] [ImguiLayer] Mouse Moved: (1177, 29)
[2025-07-03 14:21:50.182] [info] [WindowsWindow] Mouse moved to (1178, 30) in window KnightEngine
[2025-07-03 14:21:50.183] [info] [ApplicationEvent] Event received: MouseMovedEvent: (1178.000000, 30.000000)
[2025-07-03 14:21:50.183] [debug] [ImguiLayer] Mouse Moved: (1178, 30)
[2025-07-03 14:21:50.185] [info] [WindowsWindow] Mouse moved to (1179, 30) in window KnightEngine
[2025-07-03 14:21:50.186] [info] [ApplicationEvent] Event received: MouseMovedEvent: (1179.000000, 30.000000)
[2025-07-03 14:21:50.186] [debug] [ImguiLayer] Mouse Moved: (1179, 30)
[2025-07-03 14:21:50.195] [info] [WindowsWindow] Mouse moved to (1180, 31) in window KnightEngine
[2025-07-03 14:21:50.196] [info] [ApplicationEvent] Event received: MouseMovedEvent: (1180.000000, 31.000000)
[2025-07-03 14:21:50.196] [debug] [ImguiLayer] Mouse Moved: (1180, 31)
[2025-07-03 14:21:50.208] [info] [WindowsWindow] Mouse moved to (1181, 31) in window KnightEngine
[2025-07-03 14:21:50.209] [info] [ApplicationEvent] Event received: MouseMovedEvent: (1181.000000, 31.000000)
[2025-07-03 14:21:50.209] [debug] [ImguiLayer] Mouse Moved: (1181, 31)
[2025-07-03 14:21:50.221] [info] [WindowsWindow] Mouse moved to (1182, 31) in window KnightEngine
[2025-07-03 14:21:50.222] [info] [ApplicationEvent] Event received: MouseMovedEvent: (1182.000000, 31.000000)
[2025-07-03 14:21:50.223] [debug] [ImguiLayer] Mouse Moved: (1182, 31)
[2025-07-03 14:21:50.233] [info] [WindowsWindow] Mouse moved to (1183, 31) in window KnightEngine
[2025-07-03 14:21:50.234] [info] [ApplicationEvent] Event received: MouseMovedEvent: (1183.000000, 31.000000)
[2025-07-03 14:21:50.235] [debug] [ImguiLayer] Mouse Moved: (1183, 31)
[2025-07-03 14:21:50.249] [info] [WindowsWindow] Mouse moved to (1184, 31) in window KnightEngine
[2025-07-03 14:21:50.250] [info] [ApplicationEvent] Event received: MouseMovedEvent: (1184.000000, 31.000000)
[2025-07-03 14:21:50.251] [debug] [ImguiLayer] Mouse Moved: (1184, 31)
[2025-07-03 14:21:50.350] [info] [WindowsWindow] Mouse moved to (1185, 31) in window KnightEngine
[2025-07-03 14:21:50.350] [info] [ApplicationEvent] Event received: MouseMovedEvent: (1185.000000, 31.000000)
[2025-07-03 14:21:50.351] [debug] [ImguiLayer] Mouse Moved: (1185, 31)
[2025-07-03 14:21:50.357] [info] [WindowsWindow] Mouse moved to (1186, 31) in window KnightEngine
[2025-07-03 14:21:50.358] [info] [ApplicationEvent] Event received: MouseMovedEvent: (1186.000000, 31.000000)
[2025-07-03 14:21:50.359] [debug] [ImguiLayer] Mouse Moved: (1186, 31)
[2025-07-03 14:21:50.368] [info] [WindowsWindow] Mouse moved to (1187, 31) in window KnightEngine
[2025-07-03 14:21:50.369] [info] [ApplicationEvent] Event received: MouseMovedEvent: (1187.000000, 31.000000)
[2025-07-03 14:21:50.369] [debug] [ImguiLayer] Mouse Moved: (1187, 31)
[2025-07-03 14:21:50.376] [info] [WindowsWindow] Mouse moved to (1188, 31) in window KnightEngine
[2025-07-03 14:21:50.378] [info] [ApplicationEvent] Event received: MouseMovedEvent: (1188.000000, 31.000000)
[2025-07-03 14:21:50.379] [debug] [ImguiLayer] Mouse Moved: (1188, 31)
[2025-07-03 14:21:50.391] [info] [WindowsWindow] Mouse moved to (1189, 31) in window KnightEngine
[2025-07-03 14:21:50.391] [info] [ApplicationEvent] Event received: MouseMovedEvent: (1189.000000, 31.000000)
[2025-07-03 14:21:50.391] [debug] [ImguiLayer] Mouse Moved: (1189, 31)
[2025-07-03 14:21:50.408] [info] [WindowsWindow] Mouse moved to (1190, 30) in window KnightEngine
[2025-07-03 14:21:50.409] [info] [ApplicationEvent] Event received: MouseMovedEvent: (1190.000000, 30.000000)
[2025-07-03 14:21:50.409] [debug] [ImguiLayer] Mouse Moved: (1190, 30)
[2025-07-03 14:21:50.479] [debug] [WindowsWindow] Mouse button event in window KnightEngine
[2025-07-03 14:21:50.480] [info] [ApplicationEvent] Event received: MouseButtonPressedEvent: 1
[2025-07-03 14:21:50.480] [debug] [ImguiLayer] Mouse Button Pressed: 1
[2025-07-03 14:21:50.548] [debug] [WindowsWindow] Mouse button event in window KnightEngine
[2025-07-03 14:21:50.549] [info] [ApplicationEvent] Event received: MouseButtonReleasedEvent: 1
[2025-07-03 14:21:50.550] [debug] [ImguiLayer] Mouse Button Released: 1
[2025-07-03 14:21:50.594] [info] [WindowsWindow] Mouse moved to (1190, 29) in window KnightEngine
[2025-07-03 14:21:50.595] [info] [ApplicationEvent] Event received: MouseMovedEvent: (1190.000000, 29.000000)
[2025-07-03 14:21:50.596] [debug] [ImguiLayer] Mouse Moved: (1190, 29)
[2025-07-03 14:21:50.607] [info] [WindowsWindow] Mouse moved to (1190, 27) in window KnightEngine
[2025-07-03 14:21:50.608] [info] [ApplicationEvent] Event received: MouseMovedEvent: (1190.000000, 27.000000)
[2025-07-03 14:21:50.608] [debug] [ImguiLayer] Mouse Moved: (1190, 27)
[2025-07-03 14:21:50.612] [info] [WindowsWindow] Mouse moved to (1190, 26) in window KnightEngine
[2025-07-03 14:21:50.613] [info] [ApplicationEvent] Event received: MouseMovedEvent: (1190.000000, 26.000000)
[2025-07-03 14:21:50.613] [debug] [ImguiLayer] Mouse Moved: (1190, 26)
[2025-07-03 14:21:50.617] [info] [WindowsWindow] Mouse moved to (1190, 25) in window KnightEngine
[2025-07-03 14:21:50.617] [info] [ApplicationEvent] Event received: MouseMovedEvent: (1190.000000, 25.000000)
[2025-07-03 14:21:50.618] [debug] [ImguiLayer] Mouse Moved: (1190, 25)
[2025-07-03 14:21:50.619] [info] [WindowsWindow] Mouse moved to (1190, 24) in window KnightEngine
[2025-07-03 14:21:50.619] [info] [ApplicationEvent] Event received: MouseMovedEvent: (1190.000000, 24.000000)
[2025-07-03 14:21:50.620] [debug] [ImguiLayer] Mouse Moved: (1190, 24)
[2025-07-03 14:21:50.621] [info] [WindowsWindow] Mouse moved to (1190, 23) in window KnightEngine
[2025-07-03 14:21:50.622] [info] [ApplicationEvent] Event received: MouseMovedEvent: (1190.000000, 23.000000)
[2025-07-03 14:21:50.622] [debug] [ImguiLayer] Mouse Moved: (1190, 23)
[2025-07-03 14:21:50.624] [info] [WindowsWindow] Mouse moved to (1190, 22) in window KnightEngine
[2025-07-03 14:21:50.624] [info] [ApplicationEvent] Event received: MouseMovedEvent: (1190.000000, 22.000000)
[2025-07-03 14:21:50.625] [debug] [ImguiLayer] Mouse Moved: (1190, 22)
[2025-07-03 14:21:50.628] [info] [WindowsWindow] Mouse moved to (1190, 21) in window KnightEngine
[2025-07-03 14:21:50.629] [info] [ApplicationEvent] Event received: MouseMovedEvent: (1190.000000, 21.000000)
[2025-07-03 14:21:50.629] [debug] [ImguiLayer] Mouse Moved: (1190, 21)
[2025-07-03 14:21:50.633] [info] [WindowsWindow] Mouse moved to (1190, 19) in window KnightEngine
[2025-07-03 14:21:50.633] [info] [ApplicationEvent] Event received: MouseMovedEvent: (1190.000000, 19.000000)
[2025-07-03 14:21:50.634] [debug] [ImguiLayer] Mouse Moved: (1190, 19)
[2025-07-03 14:21:50.636] [info] [WindowsWindow] Mouse moved to (1191, 17) in window KnightEngine
[2025-07-03 14:21:50.637] [info] [ApplicationEvent] Event received: MouseMovedEvent: (1191.000000, 17.000000)
[2025-07-03 14:21:50.637] [debug] [ImguiLayer] Mouse Moved: (1191, 17)
[2025-07-03 14:21:50.641] [info] [WindowsWindow] Mouse moved to (1191, 16) in window KnightEngine
[2025-07-03 14:21:50.641] [info] [ApplicationEvent] Event received: MouseMovedEvent: (1191.000000, 16.000000)
[2025-07-03 14:21:50.642] [debug] [ImguiLayer] Mouse Moved: (1191, 16)
[2025-07-03 14:21:50.645] [info] [WindowsWindow] Mouse moved to (1192, 14) in window KnightEngine
[2025-07-03 14:21:50.645] [info] [ApplicationEvent] Event received: MouseMovedEvent: (1192.000000, 14.000000)
[2025-07-03 14:21:50.646] [debug] [ImguiLayer] Mouse Moved: (1192, 14)
[2025-07-03 14:21:50.649] [info] [WindowsWindow] Mouse moved to (1193, 12) in window KnightEngine
[2025-07-03 14:21:50.650] [info] [ApplicationEvent] Event received: MouseMovedEvent: (1193.000000, 12.000000)
[2025-07-03 14:21:50.651] [debug] [ImguiLayer] Mouse Moved: (1193, 12)
[2025-07-03 14:21:50.653] [info] [WindowsWindow] Mouse moved to (1193, 11) in window KnightEngine
[2025-07-03 14:21:50.653] [info] [ApplicationEvent] Event received: MouseMovedEvent: (1193.000000, 11.000000)
[2025-07-03 14:21:50.654] [debug] [ImguiLayer] Mouse Moved: (1193, 11)
[2025-07-03 14:21:50.657] [info] [WindowsWindow] Mouse moved to (1194, 10) in window KnightEngine
[2025-07-03 14:21:50.657] [info] [ApplicationEvent] Event received: MouseMovedEvent: (1194.000000, 10.000000)
[2025-07-03 14:21:50.658] [debug] [ImguiLayer] Mouse Moved: (1194, 10)
[2025-07-03 14:21:50.662] [info] [WindowsWindow] Mouse moved to (1194, 8) in window KnightEngine
[2025-07-03 14:21:50.662] [info] [ApplicationEvent] Event received: MouseMovedEvent: (1194.000000, 8.000000)
[2025-07-03 14:21:50.662] [debug] [ImguiLayer] Mouse Moved: (1194, 8)
[2025-07-03 14:21:50.666] [info] [WindowsWindow] Mouse moved to (1195, 7) in window KnightEngine
[2025-07-03 14:21:50.666] [info] [ApplicationEvent] Event received: MouseMovedEvent: (1195.000000, 7.000000)
[2025-07-03 14:21:50.667] [debug] [ImguiLayer] Mouse Moved: (1195, 7)
[2025-07-03 14:21:50.667] [info] [WindowsWindow] Mouse moved to (1195, 6) in window KnightEngine
[2025-07-03 14:21:50.667] [info] [ApplicationEvent] Event received: MouseMovedEvent: (1195.000000, 6.000000)
[2025-07-03 14:21:50.668] [debug] [ImguiLayer] Mouse Moved: (1195, 6)
[2025-07-03 14:21:50.674] [info] [WindowsWindow] Mouse moved to (1196, 5) in window KnightEngine
[2025-07-03 14:21:50.674] [info] [ApplicationEvent] Event received: MouseMovedEvent: (1196.000000, 5.000000)
[2025-07-03 14:21:50.674] [debug] [ImguiLayer] Mouse Moved: (1196, 5)
[2025-07-03 14:21:50.678] [info] [WindowsWindow] Mouse moved to (1196, 4) in window KnightEngine
[2025-07-03 14:21:50.679] [info] [ApplicationEvent] Event received: MouseMovedEvent: (1196.000000, 4.000000)
[2025-07-03 14:21:50.679] [debug] [ImguiLayer] Mouse Moved: (1196, 4)
[2025-07-03 14:21:50.679] [info] [WindowsWindow] Mouse moved to (1196, 3) in window KnightEngine
[2025-07-03 14:21:50.679] [info] [ApplicationEvent] Event received: MouseMovedEvent: (1196.000000, 3.000000)
[2025-07-03 14:21:50.680] [debug] [ImguiLayer] Mouse Moved: (1196, 3)
[2025-07-03 14:21:50.682] [info] [WindowsWindow] Mouse moved to (1196, 2) in window KnightEngine
[2025-07-03 14:21:50.682] [info] [ApplicationEvent] Event received: MouseMovedEvent: (1196.000000, 2.000000)
[2025-07-03 14:21:50.682] [debug] [ImguiLayer] Mouse Moved: (1196, 2)
[2025-07-03 14:21:50.686] [info] [WindowsWindow] Mouse moved to (1197, 1) in window KnightEngine
[2025-07-03 14:21:50.686] [info] [ApplicationEvent] Event received: MouseMovedEvent: (1197.000000, 1.000000)
[2025-07-03 14:21:50.687] [debug] [ImguiLayer] Mouse Moved: (1197, 1)
[2025-07-03 14:21:50.690] [info] [WindowsWindow] Mouse moved to (1197, 0) in window KnightEngine
[2025-07-03 14:21:50.691] [info] [ApplicationEvent] Event received: MouseMovedEvent: (1197.000000, 0.000000)
[2025-07-03 14:21:50.691] [debug] [ImguiLayer] Mouse Moved: (1197, 0)
[2025-07-03 14:21:50.695] [info] [WindowsWindow] Mouse moved to (1198, 0) in window KnightEngine
[2025-07-03 14:21:50.696] [info] [ApplicationEvent] Event received: MouseMovedEvent: (1198.000000, 0.000000)
[2025-07-03 14:21:50.696] [debug] [ImguiLayer] Mouse Moved: (1198, 0)
[2025-07-03 14:21:51.030] [debug] [WindowsWindow] Quit event received for window: KnightEngine
[2025-07-03 14:21:51.031] [info] [WindowEvent] WindowCloseEvent created
[2025-07-03 14:21:51.032] [info] [ApplicationEvent] Event received: WindowClose
[2025-07-03 14:21:51.034] [critical] [INGUI_LAYER] Event already handled, skipping ImguiLayer processing
[2025-07-03 14:21:51.035] [debug] [WindowsWindow] Window close event triggered for KnightEngine
[2025-07-03 14:21:51.036] [critical] Application is shutting down
[2025-07-03 14:21:51.184] [info] [WindowsWindow] Window KnightEngine destroyed
[2025-07-03 14:21:51.185] [info] [WindowEvent] WindowCloseEvent created
[2025-07-03 14:21:51.186] [debug] Application shutdown initiated
[2025-07-03 14:21:51.187] [warning] [Application] Application shutdown initiated
[2025-07-03 14:21:51.188] [debug] [Application] Application shutdown complete
[2025-07-03 14:21:51.188] [critical] Application shutdown complete
